,celltype
10th_C58_S111,gamma
10th_C6_S88,gamma
10th_C78_S114,gamma
10th_C8_S52,gamma
11th-C10_S63,gamma
11th-C39_S21,gamma
3rd-C40_S57,gamma
3rd-C44_S32,gamma
3rd-C47_S35,gamma
3rd-C53_S67,gamma
5th-C9_S92,gamma
7th-C24_S40,gamma
7th-C82_S64,gamma
8th-C69_S119,gamma
8th-C91_S158,gamma
8th-C92_S157,gamma
9th-C66_S33,gamma
9th-C79_S57,gamma
10th_C42_S109,acinar
10th_C63_S82,acinar
10th_C86_S78,acinar
10th_C87_S71,acinar
11th-C64_S72,acinar
12th-C53_S168,acinar
13th_C27_S151,acinar
4th-C27_S51,acinar
4th-C95_S95,acinar
5th-C10_S92,acinar
5th-C19_S104,acinar
5th-C40_S112,acinar
5th-C42_S114,acinar
5th-C45_S123,acinar
5th-C50_S90,acinar
5th-C54_S89,acinar
5th-C56_S95,acinar
5th-C58_S93,acinar
5th-C73_S111,acinar
5th-C81_S115,acinar
5th-C88_S117,acinar
10th_C16_S105,alpha
10th_C28_S91,alpha
10th_C30_S107,alpha
10th_C31_S48,alpha
10th_C34_S92,alpha
10th_C41_S101,alpha
10th_C43_S50,alpha
10th_C45_S66,alpha
10th_C50_S73,alpha
10th_C52_S110,alpha
10th_C53_S118,alpha
10th_C57_S81,alpha
10th_C5_S95,alpha
10th_C74_S76,alpha
10th_C90_S116,alpha
10th_C95_S123,alpha
10th_C96_S117,alpha
11th-C12_S47,alpha
11th-C36_S67,alpha
11th-C37_S6,alpha
11th-C57_S40,alpha
11th-C5_S54,alpha
11th-C61_S25,alpha
11th-C62_S33,alpha
11th-C67_S26,alpha
11th-C93_S30,alpha
12th-C11_S147,alpha
12th-C1_S195,alpha
12th-C20_S191,alpha
12th-C23_S149,alpha
12th-C28_S142,alpha
12th-C29_S150,alpha
12th-C37_S187,alpha
12th-C39_S201,alpha
12th-C50_S210,alpha
12th-C57_S218,alpha
12th-C58_S162,alpha
12th-C63_S219,alpha
12th-C71_S171,alpha
12th-C75_S206,alpha
12th-C80_S215,alpha
12th-C81_S207,alpha
12th-C95_S174,alpha
13th_C13_S149,alpha
13th_C18_S179,alpha
13th_C1_S147,alpha
13th_C20_S142,alpha
13th_C29_S188,alpha
13th_C31_S137,alpha
13th_C3_S132,alpha
13th_C4_S191,alpha
13th_C53_S205,alpha
13th_C54_S212,alpha
13th_C55_S156,alpha
13th_C60_S213,alpha
13th_C6_S177,alpha
13th_C76_S216,alpha
13th_C77_S209,alpha
13th_C79_S174,alpha
13th_C86_S168,alpha
13th_C88_S218,alpha
13th_C92_S169,alpha
13th_C93_S162,alpha
1st-C15_S3,alpha
1st-C18_S51,alpha
1st-C19_S20,alpha
1st-C20_S12,alpha
1st-C21_S4,alpha
1st-C50_S33,alpha
1st-C51_S41,alpha
1st-C53_S74,alpha
1st-C56_S34,alpha
1st-C57_S42,alpha
1st-C59_S77,alpha
1st-C62_S35,alpha
1st-C68_S36,alpha
1st-C71_S83,alpha
1st-C73_S45,alpha
1st-C74_S37,alpha
1st-C75_S29,alpha
1st-C78_S85,alpha
1st-C80_S38,alpha
1st-C8_S10,alpha
2nd-C11_S20,alpha
2nd-C16_S33,alpha
2nd-C1_S3,alpha
2nd-C26_S50,alpha
2nd-C28_S55,alpha
2nd-C29_S56,alpha
2nd-C31_S61,alpha
2nd-C36_S69,alpha
2nd-C39_S75,alpha
2nd-C3_S1,alpha
2nd-C47_S92,alpha
2nd-C4_S9,alpha
2nd-C57_S18,alpha
2nd-C58_S22,alpha
2nd-C67_S40,alpha
2nd-C69_S42,alpha
2nd-C6_S7,alpha
2nd-C74_S53,alpha
2nd-C75_S52,alpha
2nd-C77_S59,alpha
2nd-C80_S65,alpha
2nd-C83_S71,alpha
2nd-C8_S14,alpha
2nd-C94_S96,alpha
3rd-C12_S68,alpha
3rd-C18_S80,alpha
3rd-C21_S11,alpha
3rd-C23_S94,alpha
3rd-C26_S28,alpha
3rd-C27_S49,alpha
3rd-C32_S31,alpha
3rd-C3_S2,alpha
3rd-C46_S93,alpha
3rd-C49_S60,alpha
3rd-C52_S86,alpha
3rd-C57_S5,alpha
3rd-C61_S64,alpha
3rd-C63_S54,alpha
3rd-C67_S69,alpha
3rd-C69_S78,alpha
3rd-C76_S22,alpha
3rd-C79_S67,alpha
3rd-C7_S40,alpha
3rd-C85_S79,alpha
3rd-C85_S83,alpha
3rd-C91_S91,alpha
3rd-C95_S81,alpha
3rd-C9_S5,alpha
4th-C12_S19,alpha
4th-C18_S31,alpha
4th-C22_S45,alpha
4th-C23_S44,alpha
4th-C29_S56,alpha
4th-C33_S63,alpha
4th-C35_S68,alpha
4th-C36_S69,alpha
4th-C37_S73,alpha
4th-C40_S79,alpha
4th-C43_S85,alpha
4th-C4_S9,alpha
4th-C50_S5,alpha
4th-C51_S6,alpha
4th-C56_S17,alpha
4th-C57_S18,alpha
4th-C59_S23,alpha
4th-C62_S29,alpha
4th-C63_S30,alpha
4th-C64_S34,alpha
4th-C66_S36,alpha
4th-C68_S41,alpha
4th-C69_S42,alpha
4th-C73_S54,alpha
4th-C75_S52,alpha
4th-C79_S66,alpha
4th-C80_S65,alpha
4th-C82_S72,alpha
4th-C83_S71,alpha
4th-C86_S77,alpha
4th-C88_S84,alpha
4th-C92_S89,alpha
4th-C94_S96,alpha
4th-C96_S94,alpha
4th-C9_S13,alpha
5th-C21_S102,alpha
5th-C34_S108,alpha
5th-C59_S94,alpha
5th-C66_S101,alpha
5th-C68_S106,alpha
5th-C69_S107,alpha
5th-C6_S84,alpha
5th-C70_S103,alpha
5th-C74_S110,alpha
5th-C77_S107,alpha
5th-C7_S93,alpha
5th-C87_S119,alpha
5th-C92_S124,alpha
6th-C21_S33,alpha
6th-C34_S61,alpha
6th-C45_S81,alpha
6th-C53_S10,alpha
6th-C5_S8,alpha
6th-C65_S31,alpha
6th-C83_S65,alpha
6th-C87_S70,alpha
6th-C9_S12,alpha
7th-C11_S18,alpha
7th-C14_S24,alpha
7th-C32_S54,alpha
7th-C34_S59,alpha
7th-C36_S61,alpha
7th-C49_S4,alpha
7th-C58_S20,alpha
7th-C69_S39,alpha
7th-C79_S58,alpha
7th-C85_S69,alpha
8th-C11_S99,alpha
8th-C20_S116,alpha
8th-C21_S115,alpha
8th-C23_S121,alpha
8th-C26_S126,alpha
8th-C28_S131,alpha
8th-C34_S141,alpha
8th-C37_S146,alpha
8th-C55_S96,alpha
8th-C57_S98,alpha
8th-C58_S101,alpha
8th-C59_S102,alpha
8th-C64_S112,alpha
8th-C74_S129,alpha
8th-C79_S140,alpha
8th-C7_S95,alpha
8th-C85_S150,alpha
8th-C90_S152,alpha
8th-C94_S162,alpha
8th-C95_S161,alpha
9th-C15_S22,alpha
9th-C17_S29,alpha
9th-C19_S36,alpha
9th-C20_S35,alpha
9th-C29_S51,alpha
9th-C30_S52,alpha
9th-C40_S69,alpha
9th-C49_S4,alpha
9th-C52_S10,alpha
9th-C62_S26,alpha
9th-C64_S31,alpha
9th-C67_S37,alpha
9th-C74_S48,alpha
9th-C75_S47,alpha
9th-C77_S53,alpha
9th-C80_S56,alpha
9th-C83_S61,alpha
9th-C85_S68,alpha
9th-C87_S66,alpha
9th-C92_S77,alpha
9th-C9_S13,alpha
10th_C76_S128,delta
11th-C33_S20,delta
13th_C51_S170,delta
13th_C66_S214,delta
1st-C69_S44,delta
2nd-C25_S49,delta
3rd-C1_S39,delta
3rd-C68_S13,delta
3rd-C86_S85,delta
4th-C26_S50,delta
4th-C32_S62,delta
4th-C85_S78,delta
4th-C87_S76,delta
4th-C89_S83,delta
5th-C35_S109,delta
5th-C83_S111,delta
6th-C23_S38,delta
6th-C24_S37,delta
7th-C15_S23,delta
7th-C56_S15,delta
7th-C68_S38,delta
7th-C72_S42,delta
8th-C6_S88,delta
8th-C84_S143,delta
9th-C28_S50,delta
10th_C11_S96,beta
10th_C13_S61,beta
10th_C14_S53,beta
10th_C17_S97,beta
10th_C1_S59,beta
10th_C20_S54,beta
10th_C23_S98,beta
10th_C32_S56,beta
10th_C33_S64,beta
10th_C37_S49,beta
10th_C51_S80,beta
10th_C61_S68,beta
10th_C64_S112,beta
10th_C66_S126,beta
10th_C81_S70,beta
10th_C84_S115,beta
10th_C85_S86,beta
11th-C21_S4,beta
11th-C22_S65,beta
11th-C27_S19,beta
11th-C30_S66,beta
11th-C41_S60,beta
11th-C44_S15,beta
11th-C49_S23,beta
11th-C51_S39,beta
11th-C53_S78,beta
11th-C54_S86,beta
11th-C66_S88,beta
12th-C10_S155,beta
12th-C12_S139,beta
12th-C14_S190,beta
12th-C15_S183,beta
12th-C21_S184,beta
12th-C24_S141,beta
12th-C25_S185,beta
12th-C26_S192,beta
12th-C30_S157,beta
12th-C33_S200,beta
12th-C35_S151,beta
12th-C38_S194,beta
12th-C3_S181,beta
12th-C40_S144,beta
12th-C42_S159,beta
12th-C47_S153,beta
12th-C48_S160,beta
12th-C4_S154,beta
12th-C51_S217,beta
12th-C55_S203,beta
12th-C59_S169,beta
12th-C60_S176,beta
12th-C64_S163,beta
12th-C65_S170,beta
12th-C67_S205,beta
12th-C74_S214,beta
12th-C7_S196,beta
12th-C84_S165,beta
12th-C85_S137,beta
12th-C8_S189,beta
12th-C90_S166,beta
12th-C93_S209,beta
12th-C96_S167,beta
13th_C12_S178,beta
13th_C15_S134,beta
13th_C16_S193,beta
13th_C17_S186,beta
13th_C21_S135,beta
13th_C34_S181,beta
13th_C38_S145,beta
13th_C39_S153,beta
13th_C46_S183,beta
13th_C52_S198,beta
13th_C57_S171,beta
13th_C5_S184,beta
13th_C63_S172,beta
13th_C68_S165,beta
13th_C70_S201,beta
13th_C71_S208,beta
13th_C75_S159,beta
13th_C80_S167,beta
13th_C81_S160,beta
13th_C89_S211,beta
13th_C94_S219,beta
13th_C96_S204,beta
1st-61_S27,beta
1st-C11_S58,beta
1st-C13_S19,beta
1st-C32_S14,beta
1st-C39_S23,beta
1st-C58_S76,beta
1st-C64_S79,beta
1st-C77_S86,beta
1st-C79_S46,beta
1st-C90_S91,beta
1st-C96_S94,beta
2nd-C15_S25,beta
2nd-C17_S32,beta
2nd-C19_S39,beta
2nd-C27_S51,beta
2nd-C32_S62,beta
2nd-C37_S73,beta
2nd-C38_S74,beta
2nd-C49_S4,beta
2nd-C51_S6,beta
2nd-C52_S10,beta
2nd-C5_S8,beta
2nd-C62_S29,beta
2nd-C72_S48,beta
2nd-C76_S60,beta
2nd-C7_S15,beta
2nd-C81_S64,beta
2nd-C86_S77,beta
2nd-C87_S76,beta
2nd-C88_S84,beta
2nd-C93_S88,beta
2nd-C95_S95,beta
3rd-C11_S58,beta
3rd-C25_S15,beta
3rd-C33_S50,beta
3rd-C36_S2,beta
3rd-C4_S25,beta
3rd-C56_S90,beta
3rd-C58_S3,beta
3rd-C59_S91,beta
3rd-C60_S10,beta
3rd-C65_S20,beta
3rd-C71_S80,beta
3rd-C82_S11,beta
3rd-C84_S75,beta
3rd-C87_S88,beta
3rd-C88_S24,beta
3rd-C92_S86,beta
3rd-C96_S79,beta
4th-61_S28,beta
4th-C14_S26,beta
4th-C24_S43,beta
4th-C28_S55,beta
4th-C45_S87,beta
4th-C49_S4,beta
4th-C5_S8,beta
4th-C67_S40,beta
4th-C7_S15,beta
4th-C8_S14,beta
4th-C93_S88,beta
5th-C12_S90,beta
5th-C14_S97,beta
5th-C16_S98,beta
5th-C18_S96,beta
5th-C25_S108,beta
5th-C49_S89,beta
5th-C5_S85,beta
5th-C64_S99,beta
5th-C80_S116,beta
5th-C90_S115,beta
6th-C12_S18,beta
6th-C15_S22,beta
6th-C16_S29,beta
6th-C19_S35,beta
6th-C1_S3,beta
6th-C20_S34,beta
6th-C22_S39,beta
6th-C25_S43,beta
6th-C28_S49,beta
6th-C29_S50,beta
6th-C2_S2,beta
6th-C30_S51,beta
6th-C40_S73,beta
6th-C42_S75,beta
6th-C51_S6,beta
6th-C54_S11,beta
6th-C57_S17,beta
6th-C58_S20,beta
6th-C59_S21,beta
6th-C64_S30,beta
6th-C66_S32,beta
6th-C67_S36,beta
6th-C71_S41,beta
6th-C73_S48,beta
6th-C75_S46,beta
6th-C77_S53,beta
6th-C79_S60,beta
6th-C80_S59,beta
6th-C82_S66,beta
6th-C84_S64,beta
6th-C85_S72,beta
6th-C89_S77,beta
6th-C90_S76,beta
6th-C91_S84,beta
6th-C93_S82,beta
7th-C10_S19,beta
7th-C12_S17,beta
7th-C19_S36,beta
7th-C1_S3,beta
7th-C20_S35,beta
7th-C21_S34,beta
7th-C25_S43,beta
7th-C28_S48,beta
7th-C2_S2,beta
7th-C31_S53,beta
7th-C3_S1,beta
7th-C45_S77,beta
7th-C4_S8,beta
7th-C50_S5,beta
7th-C52_S9,beta
7th-C53_S10,beta
7th-C57_S16,beta
7th-C59_S21,beta
7th-C60_S22,beta
7th-C62_S27,beta
7th-C64_S31,beta
7th-C65_S32,beta
7th-C66_S33,beta
7th-C73_S47,beta
7th-C77_S51,beta
7th-C80_S57,beta
7th-C84_S62,beta
7th-C89_S74,beta
7th-C8_S13,beta
7th-C90_S73,beta
7th-C94_S83,beta
7th-C96_S82,beta
8th-C10_S100,beta
8th-C18_S110,beta
8th-C24_S120,beta
8th-C2_S85,beta
8th-C38_S147,beta
8th-C44_S155,beta
8th-C47_S160,beta
8th-C61_S107,beta
8th-C65_S113,beta
8th-C70_S123,beta
8th-C75_S128,beta
8th-C87_S148,beta
9th-C10_S18,beta
9th-C11_S17,beta
9th-C13_S24,beta
9th-C14_S23,beta
9th-C16_S30,beta
9th-C1_S3,beta
9th-C25_S45,beta
9th-C38_S64,beta
9th-C3_S1,beta
9th-C41_S70,beta
9th-C46_S79,beta
9th-C51_S6,beta
9th-C57_S16,beta
9th-C59_S20,beta
9th-C65_S32,beta
9th-C69_S39,beta
9th-C6_S7,beta
9th-C70_S42,beta
9th-C81_S55,beta
9th-C86_S67,beta
9th-C88_S73,beta
9th-C89_S72,beta
9th-C8_S14,beta
9th-C91_S78,beta
9th-C93_S76,beta
9th-C94_S83,beta
10th_C10_S104,ductal
10th_C24_S90,ductal
10th_C4_S103,ductal
10th_C54_S124,ductal
10th_C68_S75,ductal
10th_C73_S84,ductal
10th_C7_S60,ductal
10th_C80_S77,ductal
10th_C88_S130,ductal
11th-C24_S49,ductal
11th-C26_S12,ductal
11th-C43_S7,ductal
11th-C4_S62,ductal
11th-C55_S24,ductal
11th-C58_S71,ductal
11th-C68_S34,ductal
11th-C7_S16,ductal
12th-C56_S211,ductal
13th_C49_S155,ductal
13th_C8_S140,ductal
3rd-C20_S22,ductal
4th-C70_S46,ductal
4th-C81_S64,ductal
5th-C11_S91,ductal
5th-C30_S105,ductal
5th-C41_S113,ductal
5th-C43_S121,ductal
5th-C57_S96,ductal
7th-C17_S29,ductal
7th-C47_S81,ductal
7th-C76_S52,ductal
7th-C81_S56,ductal
7th-C88_S75,ductal
8th-C67_S117,ductal
8th-C73_S130,ductal
9th-C61_S25,ductal
10th_C46_S94,endothelial
11th-C77_S82,endothelial
12th-C69_S135,endothelial
12th-C76_S177,endothelial
13th_C23_S187,endothelial
13th_C69_S173,endothelial
13th_C72_S215,endothelial
2nd-C21_S37,endothelial
2nd-C2_S2,endothelial
4th-C78_S58,endothelial
5th-C47_S118,endothelial
5th-C67_S105,endothelial
9th-C36_S59,endothelial
9th-C96_S81,endothelial
10th_C19_S62,activated_stellate
10th_C56_S74,activated_stellate
10th_C77_S120,activated_stellate
11th-C16_S64,activated_stellate
11th-C2_S8,activated_stellate
11th-C40_S52,activated_stellate
11th-C56_S32,activated_stellate
12th-C36_S158,activated_stellate
12th-C46_S145,activated_stellate
12th-C94_S180,activated_stellate
1st-C34_S54,activated_stellate
1st-C42_S71,activated_stellate
2nd-C54_S12,activated_stellate
3rd-C42_S74,activated_stellate
3rd-C51_S87,activated_stellate
9th-C2_S2,activated_stellate
13th_C36_S196,schwann
4th-C3_S1,schwann
6th-C62_S25,schwann
6th-C63_S26,schwann
9th-C22_S41,schwann
3rd-C6_S44,mast
7th-C44_S76,mast
9th-C5_S8,mast
7th-C40_S70,macrophage
9th-C84_S60,epsilon
3rd-C35_S23,quiescent_stellate
