,celltype
human1_lib1.final_cell_0001,acinar
human1_lib1.final_cell_0002,acinar
human1_lib1.final_cell_0003,acinar
human1_lib1.final_cell_0004,acinar
human1_lib1.final_cell_0005,acinar
human1_lib1.final_cell_0006,acinar
human1_lib1.final_cell_0007,beta
human1_lib1.final_cell_0008,acinar
human1_lib1.final_cell_0009,acinar
human1_lib1.final_cell_0010,acinar
human1_lib1.final_cell_0011,acinar
human1_lib1.final_cell_0012,acinar
human1_lib1.final_cell_0013,delta
human1_lib1.final_cell_0014,delta
human1_lib1.final_cell_0015,beta
human1_lib1.final_cell_0016,activated_stellate
human1_lib1.final_cell_0017,beta
human1_lib1.final_cell_0018,acinar
human1_lib1.final_cell_0019,ductal
human1_lib1.final_cell_0020,beta
human1_lib1.final_cell_0021,beta
human1_lib1.final_cell_0022,alpha
human1_lib1.final_cell_0023,ductal
human1_lib1.final_cell_0024,beta
human1_lib1.final_cell_0025,delta
human1_lib1.final_cell_0026,alpha
human1_lib1.final_cell_0027,beta
human1_lib1.final_cell_0028,acinar
human1_lib1.final_cell_0029,acinar
human1_lib1.final_cell_0030,beta
human1_lib1.final_cell_0031,delta
human1_lib1.final_cell_0032,delta
human1_lib1.final_cell_0033,delta
human1_lib1.final_cell_0034,delta
human1_lib1.final_cell_0035,beta
human1_lib1.final_cell_0036,acinar
human1_lib1.final_cell_0037,beta
human1_lib1.final_cell_0038,beta
human1_lib1.final_cell_0039,beta
human1_lib1.final_cell_0040,delta
human1_lib1.final_cell_0041,activated_stellate
human1_lib1.final_cell_0042,beta
human1_lib1.final_cell_0043,delta
human1_lib1.final_cell_0044,activated_stellate
human1_lib1.final_cell_0045,activated_stellate
human1_lib1.final_cell_0046,activated_stellate
human1_lib1.final_cell_0047,acinar
human1_lib1.final_cell_0048,activated_stellate
human1_lib1.final_cell_0049,delta
human1_lib1.final_cell_0050,beta
human1_lib1.final_cell_0051,delta
human1_lib1.final_cell_0052,beta
human1_lib1.final_cell_0053,acinar
human1_lib1.final_cell_0054,beta
human1_lib1.final_cell_0055,beta
human1_lib1.final_cell_0056,activated_stellate
human1_lib1.final_cell_0057,beta
human1_lib1.final_cell_0058,beta
human1_lib1.final_cell_0059,beta
human1_lib1.final_cell_0060,beta
human1_lib1.final_cell_0061,ductal
human1_lib1.final_cell_0062,alpha
human1_lib1.final_cell_0063,beta
human1_lib1.final_cell_0064,ductal
human1_lib1.final_cell_0065,ductal
human1_lib1.final_cell_0066,acinar
human1_lib1.final_cell_0067,alpha
human1_lib1.final_cell_0068,beta
human1_lib1.final_cell_0069,delta
human1_lib1.final_cell_0070,alpha
human1_lib1.final_cell_0071,beta
human1_lib1.final_cell_0072,beta
human1_lib1.final_cell_0073,beta
human1_lib1.final_cell_0074,delta
human1_lib1.final_cell_0075,beta
human1_lib1.final_cell_0076,beta
human1_lib1.final_cell_0077,delta
human1_lib1.final_cell_0078,beta
human1_lib1.final_cell_0079,beta
human1_lib1.final_cell_0080,beta
human1_lib1.final_cell_0081,beta
human1_lib1.final_cell_0082,beta
human1_lib1.final_cell_0083,beta
human1_lib1.final_cell_0084,acinar
human1_lib1.final_cell_0085,activated_stellate
human1_lib1.final_cell_0086,delta
human1_lib1.final_cell_0087,delta
human1_lib1.final_cell_0088,beta
human1_lib1.final_cell_0089,beta
human1_lib1.final_cell_0090,beta
human1_lib1.final_cell_0091,beta
human1_lib1.final_cell_0092,beta
human1_lib1.final_cell_0093,beta
human1_lib1.final_cell_0094,beta
human1_lib1.final_cell_0095,beta
human1_lib1.final_cell_0096,beta
human1_lib1.final_cell_0097,beta
human1_lib1.final_cell_0098,delta
human1_lib1.final_cell_0099,delta
human1_lib1.final_cell_0100,beta
human1_lib1.final_cell_0101,delta
human1_lib1.final_cell_0102,alpha
human1_lib1.final_cell_0103,alpha
human1_lib1.final_cell_0104,delta
human1_lib1.final_cell_0105,beta
human1_lib1.final_cell_0106,beta
human1_lib1.final_cell_0107,beta
human1_lib1.final_cell_0108,beta
human1_lib1.final_cell_0109,acinar
human1_lib1.final_cell_0110,delta
human1_lib1.final_cell_0111,beta
human1_lib1.final_cell_0112,beta
human1_lib1.final_cell_0113,delta
human1_lib1.final_cell_0114,beta
human1_lib1.final_cell_0115,beta
human1_lib1.final_cell_0116,beta
human1_lib1.final_cell_0117,delta
human1_lib1.final_cell_0118,beta
human1_lib1.final_cell_0119,delta
human1_lib1.final_cell_0120,beta
human1_lib1.final_cell_0121,beta
human1_lib1.final_cell_0122,beta
human1_lib1.final_cell_0123,epsilon
human1_lib1.final_cell_0124,beta
human1_lib1.final_cell_0125,beta
human1_lib1.final_cell_0126,beta
human1_lib1.final_cell_0127,delta
human1_lib1.final_cell_0128,beta
human1_lib1.final_cell_0129,delta
human1_lib1.final_cell_0130,beta
human1_lib1.final_cell_0131,alpha
human1_lib1.final_cell_0132,alpha
human1_lib1.final_cell_0133,beta
human1_lib1.final_cell_0134,acinar
human1_lib1.final_cell_0135,alpha
human1_lib1.final_cell_0136,beta
human1_lib1.final_cell_0137,beta
human1_lib1.final_cell_0138,alpha
human1_lib1.final_cell_0139,beta
human1_lib1.final_cell_0140,delta
human1_lib1.final_cell_0141,beta
human1_lib1.final_cell_0142,beta
human1_lib1.final_cell_0143,beta
human1_lib1.final_cell_0144,beta
human1_lib1.final_cell_0145,beta
human1_lib1.final_cell_0146,delta
human1_lib1.final_cell_0147,beta
human1_lib1.final_cell_0148,ductal
human1_lib1.final_cell_0149,ductal
human1_lib1.final_cell_0150,beta
human1_lib1.final_cell_0151,beta
human1_lib1.final_cell_0152,beta
human1_lib1.final_cell_0153,beta
human1_lib1.final_cell_0154,delta
human1_lib1.final_cell_0155,beta
human1_lib1.final_cell_0156,activated_stellate
human1_lib1.final_cell_0157,beta
human1_lib1.final_cell_0158,beta
human1_lib1.final_cell_0159,alpha
human1_lib1.final_cell_0160,beta
human1_lib1.final_cell_0161,alpha
human1_lib1.final_cell_0162,beta
human1_lib1.final_cell_0163,gamma
human1_lib1.final_cell_0164,beta
human1_lib1.final_cell_0165,beta
human1_lib1.final_cell_0166,beta
human1_lib1.final_cell_0167,beta
human1_lib1.final_cell_0168,beta
human1_lib1.final_cell_0169,beta
human1_lib1.final_cell_0170,beta
human1_lib1.final_cell_0171,acinar
human1_lib1.final_cell_0172,beta
human1_lib1.final_cell_0173,acinar
human1_lib1.final_cell_0174,beta
human1_lib1.final_cell_0175,beta
human1_lib1.final_cell_0176,beta
human1_lib1.final_cell_0177,acinar
human1_lib1.final_cell_0178,delta
human1_lib1.final_cell_0179,beta
human1_lib1.final_cell_0180,delta
human1_lib1.final_cell_0181,beta
human1_lib1.final_cell_0182,acinar
human1_lib1.final_cell_0183,alpha
human1_lib1.final_cell_0184,beta
human1_lib1.final_cell_0185,alpha
human1_lib1.final_cell_0186,beta
human1_lib1.final_cell_0187,alpha
human1_lib1.final_cell_0188,endothelial
human1_lib1.final_cell_0189,beta
human1_lib1.final_cell_0190,beta
human1_lib1.final_cell_0191,alpha
human1_lib1.final_cell_0192,delta
human1_lib1.final_cell_0193,beta
human1_lib1.final_cell_0194,beta
human1_lib1.final_cell_0195,delta
human1_lib1.final_cell_0196,beta
human1_lib1.final_cell_0197,gamma
human1_lib1.final_cell_0198,alpha
human1_lib1.final_cell_0199,beta
human1_lib1.final_cell_0200,beta
human1_lib1.final_cell_0201,delta
human1_lib1.final_cell_0202,alpha
human1_lib1.final_cell_0203,ductal
human1_lib1.final_cell_0204,beta
human1_lib1.final_cell_0205,alpha
human1_lib1.final_cell_0206,beta
human1_lib1.final_cell_0207,ductal
human1_lib1.final_cell_0208,alpha
human1_lib1.final_cell_0209,ductal
human1_lib1.final_cell_0210,beta
human1_lib1.final_cell_0211,beta
human1_lib1.final_cell_0212,alpha
human1_lib1.final_cell_0213,beta
human1_lib1.final_cell_0214,beta
human1_lib1.final_cell_0215,quiescent_stellate
human1_lib1.final_cell_0216,ductal
human1_lib1.final_cell_0217,ductal
human1_lib1.final_cell_0218,endothelial
human1_lib1.final_cell_0219,activated_stellate
human1_lib1.final_cell_0220,beta
human1_lib1.final_cell_0221,delta
human1_lib1.final_cell_0222,gamma
human1_lib1.final_cell_0223,beta
human1_lib1.final_cell_0224,beta
human1_lib1.final_cell_0225,beta
human1_lib1.final_cell_0226,alpha
human1_lib1.final_cell_0227,beta
human1_lib1.final_cell_0228,beta
human1_lib1.final_cell_0229,delta
human1_lib1.final_cell_0230,ductal
human1_lib1.final_cell_0231,beta
human1_lib1.final_cell_0232,delta
human1_lib1.final_cell_0233,delta
human1_lib1.final_cell_0234,beta
human1_lib1.final_cell_0235,delta
human1_lib1.final_cell_0236,beta
human1_lib1.final_cell_0237,activated_stellate
human1_lib1.final_cell_0238,beta
human1_lib1.final_cell_0239,beta
human1_lib1.final_cell_0240,delta
human1_lib1.final_cell_0241,beta
human1_lib1.final_cell_0242,quiescent_stellate
human1_lib1.final_cell_0243,beta
human1_lib1.final_cell_0244,acinar
human1_lib1.final_cell_0245,alpha
human1_lib1.final_cell_0246,delta
human1_lib1.final_cell_0247,beta
human1_lib1.final_cell_0248,alpha
human1_lib1.final_cell_0249,beta
human1_lib1.final_cell_0250,endothelial
human1_lib1.final_cell_0251,delta
human1_lib1.final_cell_0252,delta
human1_lib1.final_cell_0253,beta
human1_lib1.final_cell_0254,beta
human1_lib1.final_cell_0255,delta
human1_lib1.final_cell_0256,gamma
human1_lib1.final_cell_0257,alpha
human1_lib1.final_cell_0258,beta
human1_lib1.final_cell_0259,beta
human1_lib1.final_cell_0260,beta
human1_lib1.final_cell_0261,ductal
human1_lib1.final_cell_0262,delta
human1_lib1.final_cell_0263,alpha
human1_lib1.final_cell_0264,beta
human1_lib1.final_cell_0265,gamma
human1_lib1.final_cell_0266,beta
human1_lib1.final_cell_0267,beta
human1_lib1.final_cell_0268,beta
human1_lib1.final_cell_0269,quiescent_stellate
human1_lib1.final_cell_0270,alpha
human1_lib1.final_cell_0271,delta
human1_lib1.final_cell_0272,alpha
human1_lib1.final_cell_0273,endothelial
human1_lib1.final_cell_0274,alpha
human1_lib1.final_cell_0275,delta
human1_lib1.final_cell_0276,beta
human1_lib1.final_cell_0277,gamma
human1_lib1.final_cell_0278,ductal
human1_lib1.final_cell_0279,alpha
human1_lib1.final_cell_0280,alpha
human1_lib1.final_cell_0281,delta
human1_lib1.final_cell_0282,beta
human1_lib1.final_cell_0283,beta
human1_lib1.final_cell_0284,ductal
human1_lib1.final_cell_0285,alpha
human1_lib1.final_cell_0286,beta
human1_lib1.final_cell_0287,delta
human1_lib1.final_cell_0288,macrophage
human1_lib1.final_cell_0289,endothelial
human1_lib1.final_cell_0290,beta
human1_lib1.final_cell_0291,beta
human1_lib1.final_cell_0292,beta
human1_lib1.final_cell_0293,beta
human1_lib1.final_cell_0294,beta
human1_lib1.final_cell_0295,beta
human1_lib1.final_cell_0296,beta
human1_lib1.final_cell_0297,beta
human1_lib1.final_cell_0298,beta
human1_lib1.final_cell_0299,beta
human1_lib1.final_cell_0300,beta
human1_lib1.final_cell_0301,gamma
human1_lib1.final_cell_0302,endothelial
human1_lib1.final_cell_0303,beta
human1_lib1.final_cell_0304,beta
human1_lib1.final_cell_0305,beta
human1_lib1.final_cell_0306,delta
human1_lib1.final_cell_0307,beta
human1_lib1.final_cell_0308,gamma
human1_lib1.final_cell_0309,epsilon
human1_lib1.final_cell_0310,delta
human1_lib1.final_cell_0311,beta
human1_lib1.final_cell_0312,beta
human1_lib1.final_cell_0313,gamma
human1_lib1.final_cell_0314,beta
human1_lib1.final_cell_0315,beta
human1_lib1.final_cell_0316,beta
human1_lib1.final_cell_0317,beta
human1_lib1.final_cell_0318,beta
human1_lib1.final_cell_0319,endothelial
human1_lib1.final_cell_0320,beta
human1_lib1.final_cell_0321,delta
human1_lib1.final_cell_0322,alpha
human1_lib1.final_cell_0323,epsilon
human1_lib1.final_cell_0324,alpha
human1_lib1.final_cell_0325,quiescent_stellate
human1_lib1.final_cell_0326,alpha
human1_lib1.final_cell_0327,alpha
human1_lib1.final_cell_0328,beta
human1_lib1.final_cell_0329,beta
human1_lib1.final_cell_0330,ductal
human1_lib1.final_cell_0331,beta
human1_lib1.final_cell_0332,alpha
human1_lib1.final_cell_0333,beta
human1_lib1.final_cell_0334,alpha
human1_lib1.final_cell_0335,beta
human1_lib1.final_cell_0336,beta
human1_lib1.final_cell_0337,delta
human1_lib1.final_cell_0338,delta
human1_lib1.final_cell_0339,beta
human1_lib1.final_cell_0340,beta
human1_lib1.final_cell_0341,beta
human1_lib1.final_cell_0342,ductal
human1_lib1.final_cell_0343,acinar
human1_lib1.final_cell_0344,beta
human1_lib1.final_cell_0345,alpha
human1_lib1.final_cell_0346,beta
human1_lib1.final_cell_0347,beta
human1_lib1.final_cell_0348,alpha
human1_lib1.final_cell_0349,beta
human1_lib1.final_cell_0350,quiescent_stellate
human1_lib1.final_cell_0351,beta
human1_lib1.final_cell_0352,gamma
human1_lib1.final_cell_0353,beta
human1_lib1.final_cell_0354,gamma
human1_lib1.final_cell_0355,endothelial
human1_lib1.final_cell_0356,beta
human1_lib1.final_cell_0357,alpha
human1_lib1.final_cell_0358,schwann
human1_lib1.final_cell_0359,beta
human1_lib1.final_cell_0360,quiescent_stellate
human1_lib1.final_cell_0361,endothelial
human1_lib1.final_cell_0362,gamma
human1_lib1.final_cell_0363,beta
human1_lib1.final_cell_0364,beta
human1_lib1.final_cell_0365,alpha
human1_lib1.final_cell_0366,alpha
human1_lib1.final_cell_0367,gamma
human1_lib1.final_cell_0368,beta
human1_lib1.final_cell_0369,beta
human1_lib1.final_cell_0370,delta
human1_lib1.final_cell_0371,acinar
human1_lib1.final_cell_0372,acinar
human1_lib1.final_cell_0373,gamma
human1_lib1.final_cell_0374,ductal
human1_lib1.final_cell_0375,ductal
human1_lib1.final_cell_0376,endothelial
human1_lib1.final_cell_0377,delta
human1_lib1.final_cell_0378,beta
human1_lib1.final_cell_0379,beta
human1_lib1.final_cell_0380,endothelial
human1_lib1.final_cell_0381,alpha
human1_lib1.final_cell_0382,acinar
human1_lib1.final_cell_0383,endothelial
human1_lib1.final_cell_0384,endothelial
human1_lib1.final_cell_0385,alpha
human1_lib1.final_cell_0386,beta
human1_lib1.final_cell_0387,beta
human1_lib1.final_cell_0388,gamma
human1_lib1.final_cell_0389,beta
human1_lib1.final_cell_0390,alpha
human1_lib1.final_cell_0391,beta
human1_lib1.final_cell_0392,beta
human1_lib1.final_cell_0393,beta
human1_lib1.final_cell_0394,beta
human1_lib1.final_cell_0395,beta
human1_lib1.final_cell_0396,delta
human1_lib1.final_cell_0397,beta
human1_lib1.final_cell_0398,quiescent_stellate
human1_lib1.final_cell_0399,activated_stellate
human1_lib1.final_cell_0400,beta
human1_lib1.final_cell_0401,alpha
human1_lib1.final_cell_0402,beta
human1_lib1.final_cell_0403,gamma
human1_lib1.final_cell_0404,quiescent_stellate
human1_lib1.final_cell_0405,beta
human1_lib1.final_cell_0406,alpha
human1_lib1.final_cell_0407,quiescent_stellate
human1_lib1.final_cell_0408,endothelial
human1_lib1.final_cell_0409,beta
human1_lib1.final_cell_0410,ductal
human1_lib1.final_cell_0411,endothelial
human1_lib1.final_cell_0412,ductal
human1_lib1.final_cell_0413,acinar
human1_lib1.final_cell_0414,alpha
human1_lib1.final_cell_0415,delta
human1_lib1.final_cell_0416,beta
human1_lib1.final_cell_0417,macrophage
human1_lib1.final_cell_0418,ductal
human1_lib1.final_cell_0419,endothelial
human1_lib1.final_cell_0420,endothelial
human1_lib1.final_cell_0421,gamma
human1_lib1.final_cell_0422,endothelial
human1_lib1.final_cell_0423,endothelial
human1_lib1.final_cell_0424,beta
human1_lib1.final_cell_0425,beta
human1_lib1.final_cell_0426,gamma
human1_lib1.final_cell_0427,beta
human1_lib1.final_cell_0428,mast
human1_lib1.final_cell_0429,beta
human1_lib1.final_cell_0430,endothelial
human1_lib1.final_cell_0431,gamma
human1_lib1.final_cell_0432,quiescent_stellate
human1_lib1.final_cell_0433,alpha
human1_lib1.final_cell_0434,beta
human1_lib1.final_cell_0435,alpha
human1_lib1.final_cell_0436,acinar
human1_lib1.final_cell_0437,ductal
human1_lib1.final_cell_0438,beta
human1_lib1.final_cell_0439,beta
human1_lib1.final_cell_0440,ductal
human1_lib1.final_cell_0441,beta
human1_lib1.final_cell_0442,beta
human1_lib1.final_cell_0443,ductal
human1_lib1.final_cell_0444,acinar
human1_lib1.final_cell_0445,endothelial
human1_lib1.final_cell_0446,beta
human1_lib1.final_cell_0447,beta
human1_lib1.final_cell_0448,beta
human1_lib1.final_cell_0449,ductal
human1_lib1.final_cell_0450,activated_stellate
human1_lib1.final_cell_0451,beta
human1_lib1.final_cell_0452,quiescent_stellate
human1_lib1.final_cell_0453,acinar
human1_lib1.final_cell_0454,gamma
human1_lib1.final_cell_0455,quiescent_stellate
human1_lib1.final_cell_0456,endothelial
human1_lib1.final_cell_0457,endothelial
human1_lib1.final_cell_0458,alpha
human1_lib1.final_cell_0459,quiescent_stellate
human1_lib1.final_cell_0460,beta
human1_lib1.final_cell_0461,acinar
human1_lib1.final_cell_0462,beta
human1_lib1.final_cell_0463,endothelial
human1_lib1.final_cell_0464,endothelial
human1_lib1.final_cell_0465,beta
human1_lib1.final_cell_0466,acinar
human1_lib1.final_cell_0467,delta
human1_lib1.final_cell_0468,beta
human1_lib1.final_cell_0469,beta
human1_lib1.final_cell_0470,beta
human1_lib1.final_cell_0471,beta
human1_lib1.final_cell_0472,beta
human1_lib1.final_cell_0473,beta
human1_lib1.final_cell_0474,beta
human1_lib1.final_cell_0475,beta
human1_lib1.final_cell_0476,gamma
human1_lib1.final_cell_0477,ductal
human1_lib1.final_cell_0478,beta
human1_lib1.final_cell_0479,gamma
human1_lib1.final_cell_0480,beta
human1_lib1.final_cell_0481,delta
human1_lib1.final_cell_0482,beta
human1_lib1.final_cell_0483,beta
human1_lib1.final_cell_0484,gamma
human1_lib1.final_cell_0485,quiescent_stellate
human1_lib1.final_cell_0486,delta
human1_lib1.final_cell_0487,beta
human1_lib1.final_cell_0488,delta
human1_lib1.final_cell_0489,quiescent_stellate
human1_lib1.final_cell_0490,delta
human1_lib1.final_cell_0491,beta
human1_lib1.final_cell_0492,alpha
human1_lib1.final_cell_0493,delta
human1_lib1.final_cell_0494,alpha
human1_lib1.final_cell_0495,quiescent_stellate
human1_lib1.final_cell_0496,quiescent_stellate
human1_lib1.final_cell_0497,beta
human1_lib1.final_cell_0498,endothelial
human1_lib1.final_cell_0499,endothelial
human1_lib1.final_cell_0500,activated_stellate
human1_lib1.final_cell_0501,beta
human1_lib1.final_cell_0502,alpha
human1_lib1.final_cell_0503,delta
human1_lib1.final_cell_0504,beta
human1_lib1.final_cell_0505,endothelial
human1_lib1.final_cell_0506,alpha
human1_lib1.final_cell_0507,quiescent_stellate
human1_lib1.final_cell_0508,beta
human1_lib1.final_cell_0509,endothelial
human1_lib1.final_cell_0510,activated_stellate
human1_lib1.final_cell_0511,gamma
human1_lib1.final_cell_0512,beta
human1_lib1.final_cell_0513,quiescent_stellate
human1_lib1.final_cell_0514,beta
human1_lib1.final_cell_0515,endothelial
human1_lib1.final_cell_0516,gamma
human1_lib1.final_cell_0517,beta
human1_lib1.final_cell_0518,beta
human1_lib1.final_cell_0519,alpha
human1_lib1.final_cell_0520,endothelial
human1_lib1.final_cell_0521,gamma
human1_lib1.final_cell_0522,beta
human1_lib1.final_cell_0523,beta
human1_lib1.final_cell_0524,beta
human1_lib1.final_cell_0525,beta
human1_lib1.final_cell_0526,endothelial
human1_lib1.final_cell_0527,mast
human1_lib1.final_cell_0528,beta
human1_lib1.final_cell_0529,beta
human1_lib1.final_cell_0530,endothelial
human1_lib1.final_cell_0531,beta
human1_lib1.final_cell_0532,endothelial
human1_lib1.final_cell_0533,beta
human1_lib1.final_cell_0534,endothelial
human1_lib1.final_cell_0535,beta
human1_lib1.final_cell_0536,quiescent_stellate
human1_lib1.final_cell_0537,endothelial
human1_lib1.final_cell_0538,endothelial
human1_lib1.final_cell_0539,beta
human1_lib1.final_cell_0540,endothelial
human1_lib1.final_cell_0541,quiescent_stellate
human1_lib1.final_cell_0542,beta
human1_lib1.final_cell_0543,alpha
human1_lib1.final_cell_0544,ductal
human1_lib1.final_cell_0545,endothelial
human1_lib1.final_cell_0546,beta
human1_lib1.final_cell_0547,beta
human1_lib1.final_cell_0548,endothelial
human1_lib1.final_cell_0549,beta
human1_lib1.final_cell_0550,beta
human1_lib1.final_cell_0551,beta
human1_lib1.final_cell_0552,endothelial
human1_lib1.final_cell_0553,macrophage
human1_lib1.final_cell_0554,endothelial
human1_lib1.final_cell_0555,ductal
human1_lib1.final_cell_0556,beta
human1_lib1.final_cell_0557,ductal
human1_lib1.final_cell_0558,endothelial
human1_lib1.final_cell_0559,quiescent_stellate
human1_lib1.final_cell_0560,beta
human1_lib1.final_cell_0561,endothelial
human1_lib1.final_cell_0562,endothelial
human1_lib1.final_cell_0563,beta
human1_lib1.final_cell_0564,endothelial
human1_lib1.final_cell_0565,endothelial
human1_lib1.final_cell_0566,alpha
human1_lib1.final_cell_0567,ductal
human1_lib1.final_cell_0568,beta
human1_lib2.final_cell_0001,delta
human1_lib2.final_cell_0002,delta
human1_lib2.final_cell_0003,delta
human1_lib2.final_cell_0004,acinar
human1_lib2.final_cell_0005,acinar
human1_lib2.final_cell_0006,acinar
human1_lib2.final_cell_0007,acinar
human1_lib2.final_cell_0008,delta
human1_lib2.final_cell_0009,acinar
human1_lib2.final_cell_0010,ductal
human1_lib2.final_cell_0011,alpha
human1_lib2.final_cell_0012,delta
human1_lib2.final_cell_0013,delta
human1_lib2.final_cell_0014,delta
human1_lib2.final_cell_0015,delta
human1_lib2.final_cell_0016,acinar
human1_lib2.final_cell_0017,beta
human1_lib2.final_cell_0018,acinar
human1_lib2.final_cell_0019,endothelial
human1_lib2.final_cell_0020,delta
human1_lib2.final_cell_0021,beta
human1_lib2.final_cell_0022,delta
human1_lib2.final_cell_0023,alpha
human1_lib2.final_cell_0024,ductal
human1_lib2.final_cell_0025,delta
human1_lib2.final_cell_0026,delta
human1_lib2.final_cell_0027,beta
human1_lib2.final_cell_0028,delta
human1_lib2.final_cell_0029,beta
human1_lib2.final_cell_0030,beta
human1_lib2.final_cell_0031,delta
human1_lib2.final_cell_0032,gamma
human1_lib2.final_cell_0033,beta
human1_lib2.final_cell_0034,delta
human1_lib2.final_cell_0035,beta
human1_lib2.final_cell_0036,delta
human1_lib2.final_cell_0037,beta
human1_lib2.final_cell_0038,alpha
human1_lib2.final_cell_0039,beta
human1_lib2.final_cell_0040,delta
human1_lib2.final_cell_0041,delta
human1_lib2.final_cell_0042,beta
human1_lib2.final_cell_0043,delta
human1_lib2.final_cell_0044,delta
human1_lib2.final_cell_0045,ductal
human1_lib2.final_cell_0046,beta
human1_lib2.final_cell_0047,delta
human1_lib2.final_cell_0048,delta
human1_lib2.final_cell_0049,alpha
human1_lib2.final_cell_0050,beta
human1_lib2.final_cell_0051,alpha
human1_lib2.final_cell_0052,alpha
human1_lib2.final_cell_0053,beta
human1_lib2.final_cell_0054,acinar
human1_lib2.final_cell_0055,beta
human1_lib2.final_cell_0056,beta
human1_lib2.final_cell_0057,beta
human1_lib2.final_cell_0058,delta
human1_lib2.final_cell_0059,activated_stellate
human1_lib2.final_cell_0060,beta
human1_lib2.final_cell_0061,beta
human1_lib2.final_cell_0062,beta
human1_lib2.final_cell_0063,delta
human1_lib2.final_cell_0064,beta
human1_lib2.final_cell_0065,alpha
human1_lib2.final_cell_0066,ductal
human1_lib2.final_cell_0067,acinar
human1_lib2.final_cell_0068,delta
human1_lib2.final_cell_0069,beta
human1_lib2.final_cell_0070,beta
human1_lib2.final_cell_0071,beta
human1_lib2.final_cell_0072,acinar
human1_lib2.final_cell_0073,beta
human1_lib2.final_cell_0074,delta
human1_lib2.final_cell_0075,beta
human1_lib2.final_cell_0076,beta
human1_lib2.final_cell_0077,beta
human1_lib2.final_cell_0078,delta
human1_lib2.final_cell_0079,delta
human1_lib2.final_cell_0080,beta
human1_lib2.final_cell_0081,delta
human1_lib2.final_cell_0082,beta
human1_lib2.final_cell_0083,beta
human1_lib2.final_cell_0084,beta
human1_lib2.final_cell_0085,beta
human1_lib2.final_cell_0086,beta
human1_lib2.final_cell_0087,beta
human1_lib2.final_cell_0088,acinar
human1_lib2.final_cell_0089,beta
human1_lib2.final_cell_0090,beta
human1_lib2.final_cell_0091,beta
human1_lib2.final_cell_0092,alpha
human1_lib2.final_cell_0093,endothelial
human1_lib2.final_cell_0094,beta
human1_lib2.final_cell_0095,delta
human1_lib2.final_cell_0096,beta
human1_lib2.final_cell_0097,delta
human1_lib2.final_cell_0098,beta
human1_lib2.final_cell_0099,delta
human1_lib2.final_cell_0100,beta
human1_lib2.final_cell_0101,beta
human1_lib2.final_cell_0102,delta
human1_lib2.final_cell_0103,ductal
human1_lib2.final_cell_0104,beta
human1_lib2.final_cell_0105,beta
human1_lib2.final_cell_0106,ductal
human1_lib2.final_cell_0107,beta
human1_lib2.final_cell_0108,beta
human1_lib2.final_cell_0109,beta
human1_lib2.final_cell_0110,beta
human1_lib2.final_cell_0111,acinar
human1_lib2.final_cell_0112,acinar
human1_lib2.final_cell_0113,beta
human1_lib2.final_cell_0114,alpha
human1_lib2.final_cell_0115,beta
human1_lib2.final_cell_0116,delta
human1_lib2.final_cell_0117,beta
human1_lib2.final_cell_0118,beta
human1_lib2.final_cell_0119,beta
human1_lib2.final_cell_0120,beta
human1_lib2.final_cell_0121,beta
human1_lib2.final_cell_0122,ductal
human1_lib2.final_cell_0123,beta
human1_lib2.final_cell_0124,acinar
human1_lib2.final_cell_0125,beta
human1_lib2.final_cell_0126,acinar
human1_lib2.final_cell_0127,beta
human1_lib2.final_cell_0128,ductal
human1_lib2.final_cell_0129,beta
human1_lib2.final_cell_0130,activated_stellate
human1_lib2.final_cell_0131,alpha
human1_lib2.final_cell_0132,beta
human1_lib2.final_cell_0133,delta
human1_lib2.final_cell_0134,delta
human1_lib2.final_cell_0135,beta
human1_lib2.final_cell_0136,beta
human1_lib2.final_cell_0137,beta
human1_lib2.final_cell_0138,beta
human1_lib2.final_cell_0139,acinar
human1_lib2.final_cell_0140,beta
human1_lib2.final_cell_0141,beta
human1_lib2.final_cell_0142,beta
human1_lib2.final_cell_0143,delta
human1_lib2.final_cell_0144,beta
human1_lib2.final_cell_0145,ductal
human1_lib2.final_cell_0146,beta
human1_lib2.final_cell_0147,beta
human1_lib2.final_cell_0148,ductal
human1_lib2.final_cell_0149,macrophage
human1_lib2.final_cell_0150,beta
human1_lib2.final_cell_0151,delta
human1_lib2.final_cell_0152,beta
human1_lib2.final_cell_0153,beta
human1_lib2.final_cell_0154,beta
human1_lib2.final_cell_0155,beta
human1_lib2.final_cell_0156,beta
human1_lib2.final_cell_0157,activated_stellate
human1_lib2.final_cell_0158,beta
human1_lib2.final_cell_0159,beta
human1_lib2.final_cell_0160,ductal
human1_lib2.final_cell_0161,beta
human1_lib2.final_cell_0162,beta
human1_lib2.final_cell_0163,beta
human1_lib2.final_cell_0164,beta
human1_lib2.final_cell_0165,beta
human1_lib2.final_cell_0166,delta
human1_lib2.final_cell_0167,beta
human1_lib2.final_cell_0168,beta
human1_lib2.final_cell_0169,delta
human1_lib2.final_cell_0170,beta
human1_lib2.final_cell_0171,beta
human1_lib2.final_cell_0172,beta
human1_lib2.final_cell_0173,beta
human1_lib2.final_cell_0174,alpha
human1_lib2.final_cell_0175,beta
human1_lib2.final_cell_0176,beta
human1_lib2.final_cell_0177,acinar
human1_lib2.final_cell_0178,beta
human1_lib2.final_cell_0179,beta
human1_lib2.final_cell_0180,beta
human1_lib2.final_cell_0181,beta
human1_lib2.final_cell_0182,ductal
human1_lib2.final_cell_0183,beta
human1_lib2.final_cell_0184,delta
human1_lib2.final_cell_0185,beta
human1_lib2.final_cell_0186,alpha
human1_lib2.final_cell_0187,beta
human1_lib2.final_cell_0188,beta
human1_lib2.final_cell_0189,beta
human1_lib2.final_cell_0190,beta
human1_lib2.final_cell_0191,delta
human1_lib2.final_cell_0192,beta
human1_lib2.final_cell_0193,beta
human1_lib2.final_cell_0194,delta
human1_lib2.final_cell_0195,beta
human1_lib2.final_cell_0196,beta
human1_lib2.final_cell_0197,beta
human1_lib2.final_cell_0198,beta
human1_lib2.final_cell_0199,beta
human1_lib2.final_cell_0200,beta
human1_lib2.final_cell_0201,beta
human1_lib2.final_cell_0202,gamma
human1_lib2.final_cell_0203,beta
human1_lib2.final_cell_0204,beta
human1_lib2.final_cell_0205,delta
human1_lib2.final_cell_0206,ductal
human1_lib2.final_cell_0207,beta
human1_lib2.final_cell_0208,beta
human1_lib2.final_cell_0209,beta
human1_lib2.final_cell_0210,delta
human1_lib2.final_cell_0211,beta
human1_lib2.final_cell_0212,ductal
human1_lib2.final_cell_0213,beta
human1_lib2.final_cell_0214,beta
human1_lib2.final_cell_0215,beta
human1_lib2.final_cell_0216,beta
human1_lib2.final_cell_0217,ductal
human1_lib2.final_cell_0218,activated_stellate
human1_lib2.final_cell_0219,beta
human1_lib2.final_cell_0220,alpha
human1_lib2.final_cell_0221,beta
human1_lib2.final_cell_0222,beta
human1_lib2.final_cell_0223,activated_stellate
human1_lib2.final_cell_0224,alpha
human1_lib2.final_cell_0225,acinar
human1_lib2.final_cell_0226,gamma
human1_lib2.final_cell_0227,beta
human1_lib2.final_cell_0228,beta
human1_lib2.final_cell_0229,beta
human1_lib2.final_cell_0230,delta
human1_lib2.final_cell_0231,alpha
human1_lib2.final_cell_0232,endothelial
human1_lib2.final_cell_0233,gamma
human1_lib2.final_cell_0234,beta
human1_lib2.final_cell_0235,alpha
human1_lib2.final_cell_0236,beta
human1_lib2.final_cell_0237,beta
human1_lib2.final_cell_0238,beta
human1_lib2.final_cell_0239,beta
human1_lib2.final_cell_0240,beta
human1_lib2.final_cell_0241,endothelial
human1_lib2.final_cell_0242,beta
human1_lib2.final_cell_0243,delta
human1_lib2.final_cell_0244,beta
human1_lib2.final_cell_0245,alpha
human1_lib2.final_cell_0246,beta
human1_lib2.final_cell_0247,alpha
human1_lib2.final_cell_0248,alpha
human1_lib2.final_cell_0249,delta
human1_lib2.final_cell_0250,alpha
human1_lib2.final_cell_0251,ductal
human1_lib2.final_cell_0252,beta
human1_lib2.final_cell_0253,alpha
human1_lib2.final_cell_0254,endothelial
human1_lib2.final_cell_0255,beta
human1_lib2.final_cell_0256,beta
human1_lib2.final_cell_0257,ductal
human1_lib2.final_cell_0258,delta
human1_lib2.final_cell_0259,beta
human1_lib2.final_cell_0260,beta
human1_lib2.final_cell_0261,alpha
human1_lib2.final_cell_0262,alpha
human1_lib2.final_cell_0263,delta
human1_lib2.final_cell_0264,gamma
human1_lib2.final_cell_0265,alpha
human1_lib2.final_cell_0266,beta
human1_lib2.final_cell_0267,alpha
human1_lib2.final_cell_0268,ductal
human1_lib2.final_cell_0269,beta
human1_lib2.final_cell_0270,gamma
human1_lib2.final_cell_0271,beta
human1_lib2.final_cell_0272,schwann
human1_lib2.final_cell_0273,delta
human1_lib2.final_cell_0274,beta
human1_lib2.final_cell_0275,alpha
human1_lib2.final_cell_0276,delta
human1_lib2.final_cell_0277,beta
human1_lib2.final_cell_0278,acinar
human1_lib2.final_cell_0279,beta
human1_lib2.final_cell_0280,beta
human1_lib2.final_cell_0281,beta
human1_lib2.final_cell_0282,beta
human1_lib2.final_cell_0283,beta
human1_lib2.final_cell_0284,alpha
human1_lib2.final_cell_0285,beta
human1_lib2.final_cell_0286,beta
human1_lib2.final_cell_0287,macrophage
human1_lib2.final_cell_0288,gamma
human1_lib2.final_cell_0289,beta
human1_lib2.final_cell_0290,beta
human1_lib2.final_cell_0291,alpha
human1_lib2.final_cell_0292,acinar
human1_lib2.final_cell_0293,endothelial
human1_lib2.final_cell_0294,alpha
human1_lib2.final_cell_0295,beta
human1_lib2.final_cell_0296,alpha
human1_lib2.final_cell_0297,alpha
human1_lib2.final_cell_0298,alpha
human1_lib2.final_cell_0299,beta
human1_lib2.final_cell_0300,beta
human1_lib2.final_cell_0301,alpha
human1_lib2.final_cell_0302,alpha
human1_lib2.final_cell_0303,macrophage
human1_lib2.final_cell_0304,alpha
human1_lib2.final_cell_0305,beta
human1_lib2.final_cell_0306,beta
human1_lib2.final_cell_0307,beta
human1_lib2.final_cell_0308,alpha
human1_lib2.final_cell_0309,activated_stellate
human1_lib2.final_cell_0310,delta
human1_lib2.final_cell_0311,alpha
human1_lib2.final_cell_0312,alpha
human1_lib2.final_cell_0313,endothelial
human1_lib2.final_cell_0314,beta
human1_lib2.final_cell_0315,delta
human1_lib2.final_cell_0316,beta
human1_lib2.final_cell_0317,beta
human1_lib2.final_cell_0318,beta
human1_lib2.final_cell_0319,ductal
human1_lib2.final_cell_0320,beta
human1_lib2.final_cell_0321,ductal
human1_lib2.final_cell_0322,beta
human1_lib2.final_cell_0323,beta
human1_lib2.final_cell_0324,activated_stellate
human1_lib2.final_cell_0325,beta
human1_lib2.final_cell_0326,ductal
human1_lib2.final_cell_0327,beta
human1_lib2.final_cell_0328,beta
human1_lib2.final_cell_0329,delta
human1_lib2.final_cell_0330,ductal
human1_lib2.final_cell_0331,alpha
human1_lib2.final_cell_0332,ductal
human1_lib2.final_cell_0333,beta
human1_lib2.final_cell_0334,gamma
human1_lib2.final_cell_0335,ductal
human1_lib2.final_cell_0336,beta
human1_lib2.final_cell_0337,gamma
human1_lib2.final_cell_0338,delta
human1_lib2.final_cell_0339,alpha
human1_lib2.final_cell_0340,gamma
human1_lib2.final_cell_0341,alpha
human1_lib2.final_cell_0342,beta
human1_lib2.final_cell_0343,macrophage
human1_lib2.final_cell_0344,beta
human1_lib2.final_cell_0345,beta
human1_lib2.final_cell_0346,quiescent_stellate
human1_lib2.final_cell_0347,delta
human1_lib2.final_cell_0348,beta
human1_lib2.final_cell_0349,alpha
human1_lib2.final_cell_0350,beta
human1_lib2.final_cell_0351,alpha
human1_lib2.final_cell_0352,beta
human1_lib2.final_cell_0353,beta
human1_lib2.final_cell_0354,gamma
human1_lib2.final_cell_0355,alpha
human1_lib2.final_cell_0356,beta
human1_lib2.final_cell_0357,beta
human1_lib2.final_cell_0358,beta
human1_lib2.final_cell_0359,beta
human1_lib2.final_cell_0360,macrophage
human1_lib2.final_cell_0361,beta
human1_lib2.final_cell_0362,delta
human1_lib2.final_cell_0363,beta
human1_lib2.final_cell_0364,gamma
human1_lib2.final_cell_0365,epsilon
human1_lib2.final_cell_0366,delta
human1_lib2.final_cell_0367,alpha
human1_lib2.final_cell_0368,beta
human1_lib2.final_cell_0369,beta
human1_lib2.final_cell_0370,delta
human1_lib2.final_cell_0371,alpha
human1_lib2.final_cell_0372,endothelial
human1_lib2.final_cell_0373,beta
human1_lib2.final_cell_0374,activated_stellate
human1_lib2.final_cell_0375,acinar
human1_lib2.final_cell_0376,beta
human1_lib2.final_cell_0377,acinar
human1_lib2.final_cell_0378,alpha
human1_lib2.final_cell_0379,gamma
human1_lib2.final_cell_0380,macrophage
human1_lib2.final_cell_0381,beta
human1_lib2.final_cell_0382,beta
human1_lib2.final_cell_0383,acinar
human1_lib2.final_cell_0384,beta
human1_lib2.final_cell_0385,beta
human1_lib2.final_cell_0386,alpha
human1_lib2.final_cell_0387,delta
human1_lib2.final_cell_0388,beta
human1_lib2.final_cell_0389,ductal
human1_lib2.final_cell_0390,alpha
human1_lib2.final_cell_0391,beta
human1_lib2.final_cell_0392,delta
human1_lib2.final_cell_0393,beta
human1_lib2.final_cell_0394,beta
human1_lib2.final_cell_0395,acinar
human1_lib2.final_cell_0396,beta
human1_lib2.final_cell_0397,beta
human1_lib2.final_cell_0398,beta
human1_lib2.final_cell_0399,alpha
human1_lib2.final_cell_0400,alpha
human1_lib2.final_cell_0401,alpha
human1_lib2.final_cell_0402,ductal
human1_lib2.final_cell_0403,alpha
human1_lib2.final_cell_0404,acinar
human1_lib2.final_cell_0405,acinar
human1_lib2.final_cell_0406,beta
human1_lib2.final_cell_0407,delta
human1_lib2.final_cell_0408,quiescent_stellate
human1_lib2.final_cell_0409,alpha
human1_lib2.final_cell_0410,delta
human1_lib2.final_cell_0411,beta
human1_lib2.final_cell_0412,ductal
human1_lib2.final_cell_0413,beta
human1_lib2.final_cell_0414,beta
human1_lib2.final_cell_0415,beta
human1_lib2.final_cell_0416,beta
human1_lib2.final_cell_0417,quiescent_stellate
human1_lib2.final_cell_0418,endothelial
human1_lib2.final_cell_0419,acinar
human1_lib2.final_cell_0420,activated_stellate
human1_lib2.final_cell_0421,delta
human1_lib2.final_cell_0422,beta
human1_lib2.final_cell_0423,alpha
human1_lib2.final_cell_0424,endothelial
human1_lib2.final_cell_0425,endothelial
human1_lib2.final_cell_0426,alpha
human1_lib2.final_cell_0427,beta
human1_lib2.final_cell_0428,gamma
human1_lib2.final_cell_0429,beta
human1_lib2.final_cell_0430,ductal
human1_lib2.final_cell_0431,activated_stellate
human1_lib2.final_cell_0432,alpha
human1_lib2.final_cell_0433,beta
human1_lib2.final_cell_0434,beta
human1_lib2.final_cell_0435,alpha
human1_lib2.final_cell_0436,acinar
human1_lib2.final_cell_0437,quiescent_stellate
human1_lib2.final_cell_0438,beta
human1_lib2.final_cell_0439,alpha
human1_lib2.final_cell_0440,beta
human1_lib2.final_cell_0441,ductal
human1_lib2.final_cell_0442,beta
human1_lib2.final_cell_0443,delta
human1_lib2.final_cell_0444,beta
human1_lib2.final_cell_0445,beta
human1_lib2.final_cell_0446,beta
human1_lib2.final_cell_0447,beta
human1_lib2.final_cell_0448,quiescent_stellate
human1_lib2.final_cell_0449,beta
human1_lib2.final_cell_0450,beta
human1_lib2.final_cell_0451,schwann
human1_lib2.final_cell_0452,endothelial
human1_lib2.final_cell_0453,beta
human1_lib2.final_cell_0454,beta
human1_lib2.final_cell_0455,ductal
human1_lib2.final_cell_0456,gamma
human1_lib2.final_cell_0457,alpha
human1_lib2.final_cell_0458,gamma
human1_lib2.final_cell_0459,alpha
human1_lib2.final_cell_0460,quiescent_stellate
human1_lib2.final_cell_0461,endothelial
human1_lib2.final_cell_0462,quiescent_stellate
human1_lib2.final_cell_0463,delta
human1_lib2.final_cell_0464,beta
human1_lib2.final_cell_0465,ductal
human1_lib2.final_cell_0466,endothelial
human1_lib2.final_cell_0467,beta
human1_lib2.final_cell_0468,delta
human1_lib2.final_cell_0469,activated_stellate
human1_lib2.final_cell_0470,endothelial
human1_lib2.final_cell_0471,acinar
human1_lib2.final_cell_0472,endothelial
human1_lib2.final_cell_0473,delta
human1_lib2.final_cell_0474,gamma
human1_lib2.final_cell_0475,activated_stellate
human1_lib2.final_cell_0476,endothelial
human1_lib2.final_cell_0477,beta
human1_lib2.final_cell_0478,ductal
human1_lib2.final_cell_0479,beta
human1_lib2.final_cell_0480,beta
human1_lib2.final_cell_0481,alpha
human1_lib2.final_cell_0482,alpha
human1_lib2.final_cell_0483,beta
human1_lib2.final_cell_0484,ductal
human1_lib2.final_cell_0485,beta
human1_lib2.final_cell_0486,alpha
human1_lib2.final_cell_0487,endothelial
human1_lib2.final_cell_0488,endothelial
human1_lib2.final_cell_0489,beta
human1_lib2.final_cell_0490,endothelial
human1_lib2.final_cell_0491,endothelial
human1_lib2.final_cell_0492,alpha
human1_lib2.final_cell_0493,quiescent_stellate
human1_lib2.final_cell_0494,ductal
human1_lib2.final_cell_0495,beta
human1_lib2.final_cell_0496,quiescent_stellate
human1_lib2.final_cell_0497,epsilon
human1_lib2.final_cell_0498,delta
human1_lib2.final_cell_0499,macrophage
human1_lib2.final_cell_0500,gamma
human1_lib2.final_cell_0501,ductal
human1_lib2.final_cell_0502,alpha
human1_lib2.final_cell_0503,beta
human1_lib2.final_cell_0504,alpha
human1_lib2.final_cell_0505,endothelial
human1_lib2.final_cell_0506,beta
human1_lib2.final_cell_0507,gamma
human1_lib2.final_cell_0508,beta
human1_lib2.final_cell_0509,beta
human1_lib2.final_cell_0510,quiescent_stellate
human1_lib2.final_cell_0511,alpha
human1_lib2.final_cell_0512,beta
human1_lib2.final_cell_0513,gamma
human1_lib2.final_cell_0514,alpha
human1_lib2.final_cell_0515,alpha
human1_lib2.final_cell_0516,beta
human1_lib2.final_cell_0517,endothelial
human1_lib2.final_cell_0518,beta
human1_lib2.final_cell_0519,quiescent_stellate
human1_lib2.final_cell_0520,endothelial
human1_lib2.final_cell_0521,beta
human1_lib2.final_cell_0522,beta
human1_lib2.final_cell_0523,beta
human1_lib2.final_cell_0524,beta
human1_lib2.final_cell_0525,ductal
human1_lib2.final_cell_0526,beta
human1_lib2.final_cell_0527,alpha
human1_lib2.final_cell_0528,quiescent_stellate
human1_lib2.final_cell_0529,beta
human1_lib2.final_cell_0530,endothelial
human1_lib2.final_cell_0531,beta
human1_lib2.final_cell_0532,ductal
human1_lib2.final_cell_0533,ductal
human1_lib2.final_cell_0534,beta
human1_lib2.final_cell_0535,activated_stellate
human1_lib2.final_cell_0536,beta
human1_lib2.final_cell_0537,ductal
human1_lib2.final_cell_0538,beta
human1_lib2.final_cell_0539,endothelial
human1_lib2.final_cell_0540,beta
human1_lib2.final_cell_0541,beta
human1_lib2.final_cell_0542,acinar
human1_lib2.final_cell_0543,alpha
human1_lib2.final_cell_0544,schwann
human1_lib2.final_cell_0545,beta
human1_lib2.final_cell_0546,beta
human1_lib2.final_cell_0547,quiescent_stellate
human1_lib2.final_cell_0548,beta
human1_lib2.final_cell_0549,gamma
human1_lib2.final_cell_0550,endothelial
human1_lib2.final_cell_0551,beta
human1_lib2.final_cell_0552,mast
human1_lib2.final_cell_0553,beta
human1_lib2.final_cell_0554,gamma
human1_lib2.final_cell_0555,quiescent_stellate
human1_lib2.final_cell_0556,beta
human1_lib2.final_cell_0557,beta
human1_lib2.final_cell_0558,beta
human1_lib2.final_cell_0559,endothelial
human1_lib2.final_cell_0560,beta
human1_lib2.final_cell_0561,alpha
human1_lib2.final_cell_0562,quiescent_stellate
human1_lib2.final_cell_0563,activated_stellate
human1_lib2.final_cell_0564,beta
human1_lib2.final_cell_0565,alpha
human1_lib2.final_cell_0566,endothelial
human1_lib2.final_cell_0567,quiescent_stellate
human1_lib2.final_cell_0568,endothelial
human1_lib2.final_cell_0569,endothelial
human1_lib2.final_cell_0570,endothelial
human1_lib2.final_cell_0571,endothelial
human1_lib2.final_cell_0572,ductal
human1_lib2.final_cell_0573,beta
human1_lib2.final_cell_0574,ductal
human1_lib2.final_cell_0575,quiescent_stellate
human1_lib2.final_cell_0576,beta
human1_lib2.final_cell_0577,endothelial
human1_lib2.final_cell_0578,endothelial
human1_lib2.final_cell_0579,alpha
human1_lib2.final_cell_0580,quiescent_stellate
human1_lib2.final_cell_0581,alpha
human1_lib2.final_cell_0582,acinar
human1_lib2.final_cell_0583,gamma
human1_lib2.final_cell_0584,endothelial
human1_lib2.final_cell_0585,beta
human1_lib2.final_cell_0586,quiescent_stellate
human1_lib2.final_cell_0587,activated_stellate
human1_lib2.final_cell_0588,beta
human1_lib2.final_cell_0589,beta
human1_lib2.final_cell_0590,endothelial
human1_lib2.final_cell_0591,alpha
human1_lib2.final_cell_0592,quiescent_stellate
human1_lib2.final_cell_0593,quiescent_stellate
human1_lib2.final_cell_0594,quiescent_stellate
human1_lib2.final_cell_0595,quiescent_stellate
human1_lib2.final_cell_0596,endothelial
human1_lib2.final_cell_0597,beta
human1_lib2.final_cell_0598,quiescent_stellate
human1_lib2.final_cell_0599,beta
human1_lib2.final_cell_0600,quiescent_stellate
human1_lib2.final_cell_0601,quiescent_stellate
human1_lib2.final_cell_0602,beta
human1_lib2.final_cell_0603,beta
human1_lib2.final_cell_0604,beta
human1_lib2.final_cell_0605,beta
human1_lib2.final_cell_0606,beta
human1_lib2.final_cell_0607,endothelial
human1_lib2.final_cell_0608,alpha
human1_lib2.final_cell_0609,beta
human1_lib2.final_cell_0610,endothelial
human1_lib2.final_cell_0611,endothelial
human1_lib2.final_cell_0612,activated_stellate
human1_lib2.final_cell_0613,alpha
human1_lib2.final_cell_0614,beta
human1_lib2.final_cell_0615,beta
human1_lib2.final_cell_0616,acinar
human1_lib2.final_cell_0617,quiescent_stellate
human1_lib2.final_cell_0618,endothelial
human1_lib2.final_cell_0619,endothelial
human1_lib2.final_cell_0620,endothelial
human1_lib2.final_cell_0621,delta
human1_lib2.final_cell_0622,endothelial
human1_lib2.final_cell_0623,alpha
human1_lib2.final_cell_0624,beta
human1_lib2.final_cell_0625,quiescent_stellate
human1_lib2.final_cell_0626,endothelial
human1_lib2.final_cell_0627,quiescent_stellate
human1_lib2.final_cell_0628,alpha
human1_lib2.final_cell_0629,quiescent_stellate
human1_lib3.final_cell_0001,acinar
human1_lib3.final_cell_0002,acinar
human1_lib3.final_cell_0003,delta
human1_lib3.final_cell_0004,acinar
human1_lib3.final_cell_0005,activated_stellate
human1_lib3.final_cell_0006,acinar
human1_lib3.final_cell_0007,acinar
human1_lib3.final_cell_0008,delta
human1_lib3.final_cell_0009,delta
human1_lib3.final_cell_0010,delta
human1_lib3.final_cell_0011,acinar
human1_lib3.final_cell_0012,beta
human1_lib3.final_cell_0013,activated_stellate
human1_lib3.final_cell_0014,delta
human1_lib3.final_cell_0015,delta
human1_lib3.final_cell_0016,delta
human1_lib3.final_cell_0017,delta
human1_lib3.final_cell_0018,beta
human1_lib3.final_cell_0019,delta
human1_lib3.final_cell_0020,acinar
human1_lib3.final_cell_0021,activated_stellate
human1_lib3.final_cell_0022,activated_stellate
human1_lib3.final_cell_0023,delta
human1_lib3.final_cell_0024,beta
human1_lib3.final_cell_0025,acinar
human1_lib3.final_cell_0026,delta
human1_lib3.final_cell_0027,beta
human1_lib3.final_cell_0028,delta
human1_lib3.final_cell_0029,ductal
human1_lib3.final_cell_0030,acinar
human1_lib3.final_cell_0031,acinar
human1_lib3.final_cell_0032,delta
human1_lib3.final_cell_0033,beta
human1_lib3.final_cell_0034,beta
human1_lib3.final_cell_0035,beta
human1_lib3.final_cell_0036,delta
human1_lib3.final_cell_0037,beta
human1_lib3.final_cell_0038,beta
human1_lib3.final_cell_0039,beta
human1_lib3.final_cell_0040,delta
human1_lib3.final_cell_0041,delta
human1_lib3.final_cell_0042,delta
human1_lib3.final_cell_0043,acinar
human1_lib3.final_cell_0044,ductal
human1_lib3.final_cell_0045,delta
human1_lib3.final_cell_0046,activated_stellate
human1_lib3.final_cell_0047,beta
human1_lib3.final_cell_0048,activated_stellate
human1_lib3.final_cell_0049,alpha
human1_lib3.final_cell_0050,delta
human1_lib3.final_cell_0051,beta
human1_lib3.final_cell_0052,beta
human1_lib3.final_cell_0053,beta
human1_lib3.final_cell_0054,acinar
human1_lib3.final_cell_0055,delta
human1_lib3.final_cell_0056,ductal
human1_lib3.final_cell_0057,macrophage
human1_lib3.final_cell_0058,delta
human1_lib3.final_cell_0059,beta
human1_lib3.final_cell_0060,beta
human1_lib3.final_cell_0061,delta
human1_lib3.final_cell_0062,delta
human1_lib3.final_cell_0063,beta
human1_lib3.final_cell_0064,delta
human1_lib3.final_cell_0065,beta
human1_lib3.final_cell_0066,delta
human1_lib3.final_cell_0067,acinar
human1_lib3.final_cell_0068,delta
human1_lib3.final_cell_0069,beta
human1_lib3.final_cell_0070,acinar
human1_lib3.final_cell_0071,beta
human1_lib3.final_cell_0072,beta
human1_lib3.final_cell_0073,ductal
human1_lib3.final_cell_0074,delta
human1_lib3.final_cell_0075,delta
human1_lib3.final_cell_0076,beta
human1_lib3.final_cell_0077,delta
human1_lib3.final_cell_0078,delta
human1_lib3.final_cell_0079,beta
human1_lib3.final_cell_0080,alpha
human1_lib3.final_cell_0081,beta
human1_lib3.final_cell_0082,acinar
human1_lib3.final_cell_0083,alpha
human1_lib3.final_cell_0084,alpha
human1_lib3.final_cell_0085,beta
human1_lib3.final_cell_0086,beta
human1_lib3.final_cell_0087,beta
human1_lib3.final_cell_0088,beta
human1_lib3.final_cell_0089,beta
human1_lib3.final_cell_0090,beta
human1_lib3.final_cell_0091,beta
human1_lib3.final_cell_0092,beta
human1_lib3.final_cell_0093,delta
human1_lib3.final_cell_0094,beta
human1_lib3.final_cell_0095,beta
human1_lib3.final_cell_0096,delta
human1_lib3.final_cell_0097,beta
human1_lib3.final_cell_0098,beta
human1_lib3.final_cell_0099,beta
human1_lib3.final_cell_0100,alpha
human1_lib3.final_cell_0101,delta
human1_lib3.final_cell_0102,alpha
human1_lib3.final_cell_0103,beta
human1_lib3.final_cell_0104,delta
human1_lib3.final_cell_0105,beta
human1_lib3.final_cell_0106,activated_stellate
human1_lib3.final_cell_0107,beta
human1_lib3.final_cell_0108,beta
human1_lib3.final_cell_0109,delta
human1_lib3.final_cell_0110,delta
human1_lib3.final_cell_0111,ductal
human1_lib3.final_cell_0112,acinar
human1_lib3.final_cell_0113,acinar
human1_lib3.final_cell_0114,delta
human1_lib3.final_cell_0115,ductal
human1_lib3.final_cell_0116,delta
human1_lib3.final_cell_0117,beta
human1_lib3.final_cell_0118,ductal
human1_lib3.final_cell_0119,beta
human1_lib3.final_cell_0120,beta
human1_lib3.final_cell_0121,beta
human1_lib3.final_cell_0122,beta
human1_lib3.final_cell_0123,alpha
human1_lib3.final_cell_0124,beta
human1_lib3.final_cell_0125,beta
human1_lib3.final_cell_0126,beta
human1_lib3.final_cell_0127,beta
human1_lib3.final_cell_0128,beta
human1_lib3.final_cell_0129,alpha
human1_lib3.final_cell_0130,acinar
human1_lib3.final_cell_0131,beta
human1_lib3.final_cell_0132,beta
human1_lib3.final_cell_0133,beta
human1_lib3.final_cell_0134,beta
human1_lib3.final_cell_0135,delta
human1_lib3.final_cell_0136,beta
human1_lib3.final_cell_0137,beta
human1_lib3.final_cell_0138,beta
human1_lib3.final_cell_0139,activated_stellate
human1_lib3.final_cell_0140,beta
human1_lib3.final_cell_0141,delta
human1_lib3.final_cell_0142,beta
human1_lib3.final_cell_0143,acinar
human1_lib3.final_cell_0144,beta
human1_lib3.final_cell_0145,beta
human1_lib3.final_cell_0146,activated_stellate
human1_lib3.final_cell_0147,alpha
human1_lib3.final_cell_0148,beta
human1_lib3.final_cell_0149,beta
human1_lib3.final_cell_0150,quiescent_stellate
human1_lib3.final_cell_0151,activated_stellate
human1_lib3.final_cell_0152,acinar
human1_lib3.final_cell_0153,beta
human1_lib3.final_cell_0154,alpha
human1_lib3.final_cell_0155,delta
human1_lib3.final_cell_0156,acinar
human1_lib3.final_cell_0157,beta
human1_lib3.final_cell_0158,beta
human1_lib3.final_cell_0159,beta
human1_lib3.final_cell_0160,beta
human1_lib3.final_cell_0161,ductal
human1_lib3.final_cell_0162,beta
human1_lib3.final_cell_0163,acinar
human1_lib3.final_cell_0164,beta
human1_lib3.final_cell_0165,beta
human1_lib3.final_cell_0166,beta
human1_lib3.final_cell_0167,beta
human1_lib3.final_cell_0168,beta
human1_lib3.final_cell_0169,beta
human1_lib3.final_cell_0170,alpha
human1_lib3.final_cell_0171,acinar
human1_lib3.final_cell_0172,beta
human1_lib3.final_cell_0173,beta
human1_lib3.final_cell_0174,alpha
human1_lib3.final_cell_0175,beta
human1_lib3.final_cell_0176,beta
human1_lib3.final_cell_0177,gamma
human1_lib3.final_cell_0178,delta
human1_lib3.final_cell_0179,macrophage
human1_lib3.final_cell_0180,alpha
human1_lib3.final_cell_0181,delta
human1_lib3.final_cell_0182,beta
human1_lib3.final_cell_0183,ductal
human1_lib3.final_cell_0184,ductal
human1_lib3.final_cell_0185,alpha
human1_lib3.final_cell_0186,beta
human1_lib3.final_cell_0187,beta
human1_lib3.final_cell_0188,acinar
human1_lib3.final_cell_0189,endothelial
human1_lib3.final_cell_0190,alpha
human1_lib3.final_cell_0191,gamma
human1_lib3.final_cell_0192,beta
human1_lib3.final_cell_0193,quiescent_stellate
human1_lib3.final_cell_0194,beta
human1_lib3.final_cell_0195,delta
human1_lib3.final_cell_0196,beta
human1_lib3.final_cell_0197,ductal
human1_lib3.final_cell_0198,beta
human1_lib3.final_cell_0199,alpha
human1_lib3.final_cell_0200,beta
human1_lib3.final_cell_0201,delta
human1_lib3.final_cell_0202,beta
human1_lib3.final_cell_0203,alpha
human1_lib3.final_cell_0204,quiescent_stellate
human1_lib3.final_cell_0205,ductal
human1_lib3.final_cell_0206,delta
human1_lib3.final_cell_0207,beta
human1_lib3.final_cell_0208,beta
human1_lib3.final_cell_0209,delta
human1_lib3.final_cell_0210,alpha
human1_lib3.final_cell_0211,beta
human1_lib3.final_cell_0212,beta
human1_lib3.final_cell_0213,delta
human1_lib3.final_cell_0214,beta
human1_lib3.final_cell_0215,beta
human1_lib3.final_cell_0216,delta
human1_lib3.final_cell_0217,ductal
human1_lib3.final_cell_0218,ductal
human1_lib3.final_cell_0219,beta
human1_lib3.final_cell_0220,beta
human1_lib3.final_cell_0221,beta
human1_lib3.final_cell_0222,beta
human1_lib3.final_cell_0223,endothelial
human1_lib3.final_cell_0224,beta
human1_lib3.final_cell_0225,beta
human1_lib3.final_cell_0226,alpha
human1_lib3.final_cell_0227,beta
human1_lib3.final_cell_0228,beta
human1_lib3.final_cell_0229,alpha
human1_lib3.final_cell_0230,beta
human1_lib3.final_cell_0231,acinar
human1_lib3.final_cell_0232,delta
human1_lib3.final_cell_0233,beta
human1_lib3.final_cell_0234,beta
human1_lib3.final_cell_0235,ductal
human1_lib3.final_cell_0236,ductal
human1_lib3.final_cell_0237,beta
human1_lib3.final_cell_0238,alpha
human1_lib3.final_cell_0239,beta
human1_lib3.final_cell_0240,beta
human1_lib3.final_cell_0241,ductal
human1_lib3.final_cell_0242,alpha
human1_lib3.final_cell_0243,activated_stellate
human1_lib3.final_cell_0244,beta
human1_lib3.final_cell_0245,alpha
human1_lib3.final_cell_0246,ductal
human1_lib3.final_cell_0247,delta
human1_lib3.final_cell_0248,alpha
human1_lib3.final_cell_0249,gamma
human1_lib3.final_cell_0250,beta
human1_lib3.final_cell_0251,activated_stellate
human1_lib3.final_cell_0252,ductal
human1_lib3.final_cell_0253,beta
human1_lib3.final_cell_0254,beta
human1_lib3.final_cell_0255,activated_stellate
human1_lib3.final_cell_0256,beta
human1_lib3.final_cell_0257,delta
human1_lib3.final_cell_0258,activated_stellate
human1_lib3.final_cell_0259,beta
human1_lib3.final_cell_0260,gamma
human1_lib3.final_cell_0261,beta
human1_lib3.final_cell_0262,beta
human1_lib3.final_cell_0263,beta
human1_lib3.final_cell_0264,delta
human1_lib3.final_cell_0265,beta
human1_lib3.final_cell_0266,beta
human1_lib3.final_cell_0267,alpha
human1_lib3.final_cell_0268,beta
human1_lib3.final_cell_0269,alpha
human1_lib3.final_cell_0270,epsilon
human1_lib3.final_cell_0271,activated_stellate
human1_lib3.final_cell_0272,beta
human1_lib3.final_cell_0273,alpha
human1_lib3.final_cell_0274,ductal
human1_lib3.final_cell_0275,alpha
human1_lib3.final_cell_0276,beta
human1_lib3.final_cell_0277,beta
human1_lib3.final_cell_0278,delta
human1_lib3.final_cell_0279,ductal
human1_lib3.final_cell_0280,beta
human1_lib3.final_cell_0281,alpha
human1_lib3.final_cell_0282,delta
human1_lib3.final_cell_0283,beta
human1_lib3.final_cell_0284,beta
human1_lib3.final_cell_0285,beta
human1_lib3.final_cell_0286,beta
human1_lib3.final_cell_0287,beta
human1_lib3.final_cell_0288,activated_stellate
human1_lib3.final_cell_0289,alpha
human1_lib3.final_cell_0290,beta
human1_lib3.final_cell_0291,ductal
human1_lib3.final_cell_0292,delta
human1_lib3.final_cell_0293,alpha
human1_lib3.final_cell_0294,alpha
human1_lib3.final_cell_0295,beta
human1_lib3.final_cell_0296,beta
human1_lib3.final_cell_0297,beta
human1_lib3.final_cell_0298,delta
human1_lib3.final_cell_0299,alpha
human1_lib3.final_cell_0300,beta
human1_lib3.final_cell_0301,beta
human1_lib3.final_cell_0302,beta
human1_lib3.final_cell_0303,beta
human1_lib3.final_cell_0304,beta
human1_lib3.final_cell_0305,delta
human1_lib3.final_cell_0306,beta
human1_lib3.final_cell_0307,beta
human1_lib3.final_cell_0308,beta
human1_lib3.final_cell_0309,alpha
human1_lib3.final_cell_0310,beta
human1_lib3.final_cell_0311,gamma
human1_lib3.final_cell_0312,beta
human1_lib3.final_cell_0313,activated_stellate
human1_lib3.final_cell_0314,beta
human1_lib3.final_cell_0315,alpha
human1_lib3.final_cell_0316,alpha
human1_lib3.final_cell_0317,beta
human1_lib3.final_cell_0318,beta
human1_lib3.final_cell_0319,delta
human1_lib3.final_cell_0320,beta
human1_lib3.final_cell_0321,beta
human1_lib3.final_cell_0322,beta
human1_lib3.final_cell_0323,beta
human1_lib3.final_cell_0324,beta
human1_lib3.final_cell_0325,beta
human1_lib3.final_cell_0326,quiescent_stellate
human1_lib3.final_cell_0327,ductal
human1_lib3.final_cell_0328,ductal
human1_lib3.final_cell_0329,delta
human1_lib3.final_cell_0330,alpha
human1_lib3.final_cell_0331,beta
human1_lib3.final_cell_0332,beta
human1_lib3.final_cell_0333,beta
human1_lib3.final_cell_0334,beta
human1_lib3.final_cell_0335,beta
human1_lib3.final_cell_0336,beta
human1_lib3.final_cell_0337,gamma
human1_lib3.final_cell_0338,beta
human1_lib3.final_cell_0339,beta
human1_lib3.final_cell_0340,gamma
human1_lib3.final_cell_0341,alpha
human1_lib3.final_cell_0342,beta
human1_lib3.final_cell_0343,alpha
human1_lib3.final_cell_0344,alpha
human1_lib3.final_cell_0345,beta
human1_lib3.final_cell_0346,delta
human1_lib3.final_cell_0347,beta
human1_lib3.final_cell_0348,beta
human1_lib3.final_cell_0349,beta
human1_lib3.final_cell_0350,beta
human1_lib3.final_cell_0351,endothelial
human1_lib3.final_cell_0352,beta
human1_lib3.final_cell_0353,quiescent_stellate
human1_lib3.final_cell_0354,beta
human1_lib3.final_cell_0355,beta
human1_lib3.final_cell_0356,alpha
human1_lib3.final_cell_0357,ductal
human1_lib3.final_cell_0358,beta
human1_lib3.final_cell_0359,beta
human1_lib3.final_cell_0360,gamma
human1_lib3.final_cell_0361,alpha
human1_lib3.final_cell_0362,gamma
human1_lib3.final_cell_0363,beta
human1_lib3.final_cell_0364,beta
human1_lib3.final_cell_0365,alpha
human1_lib3.final_cell_0366,alpha
human1_lib3.final_cell_0367,ductal
human1_lib3.final_cell_0368,beta
human1_lib3.final_cell_0369,alpha
human1_lib3.final_cell_0370,beta
human1_lib3.final_cell_0371,delta
human1_lib3.final_cell_0372,ductal
human1_lib3.final_cell_0373,beta
human1_lib3.final_cell_0374,beta
human1_lib3.final_cell_0375,beta
human1_lib3.final_cell_0376,beta
human1_lib3.final_cell_0377,beta
human1_lib3.final_cell_0378,beta
human1_lib3.final_cell_0379,ductal
human1_lib3.final_cell_0380,beta
human1_lib3.final_cell_0381,alpha
human1_lib3.final_cell_0382,beta
human1_lib3.final_cell_0383,beta
human1_lib3.final_cell_0384,alpha
human1_lib3.final_cell_0385,acinar
human1_lib3.final_cell_0386,acinar
human1_lib3.final_cell_0387,beta
human1_lib3.final_cell_0388,beta
human1_lib3.final_cell_0389,beta
human1_lib3.final_cell_0390,alpha
human1_lib3.final_cell_0391,alpha
human1_lib3.final_cell_0392,alpha
human1_lib3.final_cell_0393,alpha
human1_lib3.final_cell_0394,beta
human1_lib3.final_cell_0395,alpha
human1_lib3.final_cell_0396,beta
human1_lib3.final_cell_0397,alpha
human1_lib3.final_cell_0398,beta
human1_lib3.final_cell_0399,beta
human1_lib3.final_cell_0400,beta
human1_lib3.final_cell_0401,alpha
human1_lib3.final_cell_0402,delta
human1_lib3.final_cell_0403,alpha
human1_lib3.final_cell_0404,beta
human1_lib3.final_cell_0405,beta
human1_lib3.final_cell_0406,beta
human1_lib3.final_cell_0407,alpha
human1_lib3.final_cell_0408,gamma
human1_lib3.final_cell_0409,acinar
human1_lib3.final_cell_0410,beta
human1_lib3.final_cell_0411,ductal
human1_lib3.final_cell_0412,delta
human1_lib3.final_cell_0413,beta
human1_lib3.final_cell_0414,ductal
human1_lib3.final_cell_0415,gamma
human1_lib3.final_cell_0416,beta
human1_lib3.final_cell_0417,quiescent_stellate
human1_lib3.final_cell_0418,ductal
human1_lib3.final_cell_0419,delta
human1_lib3.final_cell_0420,gamma
human1_lib3.final_cell_0421,beta
human1_lib3.final_cell_0422,beta
human1_lib3.final_cell_0423,beta
human1_lib3.final_cell_0424,gamma
human1_lib3.final_cell_0425,ductal
human1_lib3.final_cell_0426,alpha
human1_lib3.final_cell_0427,acinar
human1_lib3.final_cell_0428,ductal
human1_lib3.final_cell_0429,endothelial
human1_lib3.final_cell_0430,alpha
human1_lib3.final_cell_0431,endothelial
human1_lib3.final_cell_0432,beta
human1_lib3.final_cell_0433,beta
human1_lib3.final_cell_0434,beta
human1_lib3.final_cell_0435,beta
human1_lib3.final_cell_0436,alpha
human1_lib3.final_cell_0437,beta
human1_lib3.final_cell_0438,ductal
human1_lib3.final_cell_0439,ductal
human1_lib3.final_cell_0440,beta
human1_lib3.final_cell_0441,beta
human1_lib3.final_cell_0442,gamma
human1_lib3.final_cell_0443,beta
human1_lib3.final_cell_0444,quiescent_stellate
human1_lib3.final_cell_0445,ductal
human1_lib3.final_cell_0446,beta
human1_lib3.final_cell_0447,acinar
human1_lib3.final_cell_0448,ductal
human1_lib3.final_cell_0449,endothelial
human1_lib3.final_cell_0450,acinar
human1_lib3.final_cell_0451,gamma
human1_lib3.final_cell_0452,beta
human1_lib3.final_cell_0453,beta
human1_lib3.final_cell_0454,quiescent_stellate
human1_lib3.final_cell_0455,beta
human1_lib3.final_cell_0456,beta
human1_lib3.final_cell_0457,epsilon
human1_lib3.final_cell_0458,beta
human1_lib3.final_cell_0459,alpha
human1_lib3.final_cell_0460,alpha
human1_lib3.final_cell_0461,delta
human1_lib3.final_cell_0462,beta
human1_lib3.final_cell_0463,epsilon
human1_lib3.final_cell_0464,beta
human1_lib3.final_cell_0465,alpha
human1_lib3.final_cell_0466,beta
human1_lib3.final_cell_0467,beta
human1_lib3.final_cell_0468,gamma
human1_lib3.final_cell_0469,acinar
human1_lib3.final_cell_0470,beta
human1_lib3.final_cell_0471,alpha
human1_lib3.final_cell_0472,beta
human1_lib3.final_cell_0473,alpha
human1_lib3.final_cell_0474,ductal
human1_lib3.final_cell_0475,alpha
human1_lib3.final_cell_0476,beta
human1_lib3.final_cell_0477,beta
human1_lib3.final_cell_0478,gamma
human1_lib3.final_cell_0479,beta
human1_lib3.final_cell_0480,beta
human1_lib3.final_cell_0481,delta
human1_lib3.final_cell_0482,delta
human1_lib3.final_cell_0483,delta
human1_lib3.final_cell_0484,quiescent_stellate
human1_lib3.final_cell_0485,beta
human1_lib3.final_cell_0486,beta
human1_lib3.final_cell_0487,alpha
human1_lib3.final_cell_0488,beta
human1_lib3.final_cell_0489,alpha
human1_lib3.final_cell_0490,alpha
human1_lib3.final_cell_0491,beta
human1_lib3.final_cell_0492,beta
human1_lib3.final_cell_0493,beta
human1_lib3.final_cell_0494,alpha
human1_lib3.final_cell_0495,beta
human1_lib3.final_cell_0496,beta
human1_lib3.final_cell_0497,quiescent_stellate
human1_lib3.final_cell_0498,alpha
human1_lib3.final_cell_0499,endothelial
human1_lib3.final_cell_0500,gamma
human1_lib3.final_cell_0501,beta
human1_lib3.final_cell_0502,beta
human1_lib3.final_cell_0503,quiescent_stellate
human1_lib3.final_cell_0504,beta
human1_lib3.final_cell_0505,alpha
human1_lib3.final_cell_0506,delta
human1_lib3.final_cell_0507,beta
human1_lib3.final_cell_0508,acinar
human1_lib3.final_cell_0509,beta
human1_lib3.final_cell_0510,endothelial
human1_lib3.final_cell_0511,endothelial
human1_lib3.final_cell_0512,beta
human1_lib3.final_cell_0513,beta
human1_lib3.final_cell_0514,alpha
human1_lib3.final_cell_0515,beta
human1_lib3.final_cell_0516,mast
human1_lib3.final_cell_0517,beta
human1_lib3.final_cell_0518,alpha
human1_lib3.final_cell_0519,endothelial
human1_lib3.final_cell_0520,beta
human1_lib3.final_cell_0521,beta
human1_lib3.final_cell_0522,beta
human1_lib3.final_cell_0523,endothelial
human1_lib3.final_cell_0524,alpha
human1_lib3.final_cell_0525,beta
human1_lib3.final_cell_0526,beta
human1_lib3.final_cell_0527,beta
human1_lib3.final_cell_0528,beta
human1_lib3.final_cell_0529,alpha
human1_lib3.final_cell_0530,mast
human1_lib3.final_cell_0531,beta
human1_lib3.final_cell_0532,epsilon
human1_lib3.final_cell_0533,endothelial
human1_lib3.final_cell_0534,quiescent_stellate
human1_lib3.final_cell_0535,alpha
human1_lib3.final_cell_0536,alpha
human1_lib3.final_cell_0537,beta
human1_lib3.final_cell_0538,beta
human1_lib3.final_cell_0539,acinar
human1_lib3.final_cell_0540,delta
human1_lib3.final_cell_0541,acinar
human1_lib3.final_cell_0542,beta
human1_lib3.final_cell_0543,beta
human1_lib3.final_cell_0544,endothelial
human1_lib3.final_cell_0545,beta
human1_lib3.final_cell_0546,macrophage
human1_lib3.final_cell_0547,acinar
human1_lib3.final_cell_0548,quiescent_stellate
human1_lib3.final_cell_0549,beta
human1_lib3.final_cell_0550,beta
human1_lib3.final_cell_0551,beta
human1_lib3.final_cell_0552,endothelial
human1_lib3.final_cell_0553,beta
human1_lib3.final_cell_0554,beta
human1_lib3.final_cell_0555,ductal
human1_lib3.final_cell_0556,beta
human1_lib3.final_cell_0557,beta
human1_lib3.final_cell_0558,quiescent_stellate
human1_lib3.final_cell_0559,beta
human1_lib3.final_cell_0560,acinar
human1_lib3.final_cell_0561,beta
human1_lib3.final_cell_0562,delta
human1_lib3.final_cell_0563,beta
human1_lib3.final_cell_0564,beta
human1_lib3.final_cell_0565,beta
human1_lib3.final_cell_0566,beta
human1_lib3.final_cell_0567,quiescent_stellate
human1_lib3.final_cell_0568,alpha
human1_lib3.final_cell_0569,endothelial
human1_lib3.final_cell_0570,beta
human1_lib3.final_cell_0571,delta
human1_lib3.final_cell_0572,gamma
human1_lib3.final_cell_0573,beta
human1_lib3.final_cell_0574,quiescent_stellate
human1_lib3.final_cell_0575,endothelial
human1_lib3.final_cell_0576,alpha
human1_lib3.final_cell_0577,beta
human1_lib3.final_cell_0578,ductal
human1_lib3.final_cell_0579,beta
human1_lib3.final_cell_0580,beta
human1_lib3.final_cell_0581,beta
human1_lib3.final_cell_0582,quiescent_stellate
human1_lib3.final_cell_0583,beta
human1_lib3.final_cell_0584,epsilon
human1_lib3.final_cell_0585,beta
human1_lib3.final_cell_0586,beta
human1_lib3.final_cell_0587,alpha
human1_lib3.final_cell_0588,beta
human1_lib3.final_cell_0589,endothelial
human1_lib3.final_cell_0590,endothelial
human1_lib3.final_cell_0591,quiescent_stellate
human1_lib3.final_cell_0592,beta
human1_lib3.final_cell_0593,beta
human1_lib3.final_cell_0594,epsilon
human1_lib3.final_cell_0595,quiescent_stellate
human1_lib3.final_cell_0596,beta
human1_lib3.final_cell_0597,mast
human1_lib3.final_cell_0598,ductal
human1_lib3.final_cell_0599,alpha
human1_lib3.final_cell_0600,acinar
human1_lib3.final_cell_0601,acinar
human1_lib3.final_cell_0602,endothelial
human1_lib3.final_cell_0603,ductal
human1_lib3.final_cell_0604,endothelial
human1_lib3.final_cell_0605,alpha
human1_lib3.final_cell_0606,delta
human1_lib3.final_cell_0607,beta
human1_lib3.final_cell_0608,beta
human1_lib3.final_cell_0609,beta
human1_lib3.final_cell_0610,ductal
human1_lib3.final_cell_0611,quiescent_stellate
human1_lib3.final_cell_0612,beta
human1_lib3.final_cell_0613,macrophage
human1_lib3.final_cell_0614,delta
human1_lib3.final_cell_0615,endothelial
human1_lib3.final_cell_0616,alpha
human1_lib3.final_cell_0617,beta
human1_lib3.final_cell_0618,endothelial
human1_lib3.final_cell_0619,beta
human1_lib3.final_cell_0620,beta
human1_lib3.final_cell_0621,endothelial
human1_lib3.final_cell_0622,delta
human1_lib3.final_cell_0623,acinar
human1_lib3.final_cell_0624,acinar
human1_lib3.final_cell_0625,endothelial
human1_lib3.final_cell_0626,beta
human1_lib3.final_cell_0627,endothelial
human1_lib3.final_cell_0628,acinar
human1_lib3.final_cell_0629,beta
human1_lib3.final_cell_0630,delta
human1_lib3.final_cell_0631,quiescent_stellate
human1_lib3.final_cell_0632,quiescent_stellate
human1_lib3.final_cell_0633,beta
human1_lib3.final_cell_0634,beta
human1_lib3.final_cell_0635,quiescent_stellate
human1_lib3.final_cell_0636,alpha
human1_lib3.final_cell_0637,quiescent_stellate
human1_lib3.final_cell_0638,quiescent_stellate
human1_lib3.final_cell_0639,beta
human1_lib3.final_cell_0640,quiescent_stellate
human1_lib3.final_cell_0641,schwann
human1_lib3.final_cell_0642,beta
human1_lib3.final_cell_0643,beta
human1_lib3.final_cell_0644,beta
human1_lib3.final_cell_0645,beta
human1_lib3.final_cell_0646,beta
human1_lib3.final_cell_0647,beta
human1_lib3.final_cell_0648,beta
human1_lib3.final_cell_0649,endothelial
human1_lib3.final_cell_0650,ductal
human1_lib3.final_cell_0651,beta
human1_lib3.final_cell_0652,beta
human1_lib3.final_cell_0653,beta
human1_lib3.final_cell_0654,beta
human1_lib3.final_cell_0655,alpha
human1_lib3.final_cell_0656,quiescent_stellate
human1_lib3.final_cell_0657,quiescent_stellate
human1_lib3.final_cell_0658,beta
human1_lib3.final_cell_0659,beta
human1_lib3.final_cell_0660,alpha
human1_lib3.final_cell_0661,ductal
human1_lib3.final_cell_0662,quiescent_stellate
human1_lib3.final_cell_0663,beta
human1_lib3.final_cell_0664,endothelial
human1_lib3.final_cell_0665,delta
human1_lib3.final_cell_0666,beta
human1_lib3.final_cell_0667,beta
human1_lib3.final_cell_0668,alpha
human1_lib3.final_cell_0669,beta
human1_lib3.final_cell_0670,beta
human1_lib3.final_cell_0671,endothelial
human1_lib3.final_cell_0672,beta
human1_lib3.final_cell_0673,endothelial
human1_lib3.final_cell_0674,alpha
human1_lib3.final_cell_0675,quiescent_stellate
human1_lib3.final_cell_0676,endothelial
human1_lib3.final_cell_0677,alpha
human1_lib3.final_cell_0678,alpha
human1_lib3.final_cell_0679,ductal
human1_lib3.final_cell_0680,quiescent_stellate
human1_lib3.final_cell_0681,endothelial
human1_lib3.final_cell_0682,beta
human1_lib3.final_cell_0683,gamma
human1_lib3.final_cell_0684,epsilon
human1_lib3.final_cell_0685,activated_stellate
human1_lib3.final_cell_0686,alpha
human1_lib3.final_cell_0687,activated_stellate
human1_lib3.final_cell_0688,beta
human1_lib3.final_cell_0689,beta
human1_lib3.final_cell_0690,mast
human1_lib3.final_cell_0691,activated_stellate
human1_lib3.final_cell_0692,epsilon
human1_lib3.final_cell_0693,quiescent_stellate
human1_lib3.final_cell_0694,endothelial
human1_lib3.final_cell_0695,gamma
human1_lib3.final_cell_0696,beta
human1_lib3.final_cell_0697,quiescent_stellate
human1_lib3.final_cell_0698,quiescent_stellate
human1_lib3.final_cell_0699,alpha
human1_lib3.final_cell_0700,beta
human1_lib3.final_cell_0701,beta
human1_lib3.final_cell_0702,beta
human1_lib3.final_cell_0703,beta
human1_lib3.final_cell_0704,t_cell
human1_lib3.final_cell_0705,beta
human1_lib3.final_cell_0706,beta
human1_lib3.final_cell_0707,beta
human1_lib3.final_cell_0708,alpha
human1_lib3.final_cell_0709,beta
human1_lib3.final_cell_0710,endothelial
human1_lib3.final_cell_0711,endothelial
human1_lib3.final_cell_0712,mast
human1_lib3.final_cell_0713,beta
human1_lib3.final_cell_0714,quiescent_stellate
human1_lib3.final_cell_0715,beta
human1_lib3.final_cell_0716,beta
human1_lib3.final_cell_0717,beta
human1_lib3.final_cell_0718,beta
human1_lib3.final_cell_0719,beta
human1_lib3.final_cell_0720,endothelial
human1_lib3.final_cell_0721,t_cell
human1_lib3.final_cell_0722,ductal
human1_lib3.final_cell_0723,quiescent_stellate
human1_lib3.final_cell_0724,beta
human1_lib3.final_cell_0725,beta
human1_lib3.final_cell_0726,quiescent_stellate
human1_lib3.final_cell_0727,quiescent_stellate
human1_lib3.final_cell_0728,quiescent_stellate
human1_lib3.final_cell_0729,beta
human1_lib3.final_cell_0730,beta
human1_lib3.final_cell_0731,alpha
human1_lib3.final_cell_0732,beta
human1_lib3.final_cell_0733,beta
human1_lib3.final_cell_0734,beta
human1_lib3.final_cell_0735,alpha
human1_lib3.final_cell_0736,endothelial
human1_lib3.final_cell_0737,beta
human1_lib3.final_cell_0738,endothelial
human1_lib3.final_cell_0739,beta
human1_lib3.final_cell_0740,quiescent_stellate
